block_time;block_height;fee_per_vbyte
lalelu
1231469665;1;0.0
1231469744;2;0.0
1231470173;3;0.0
1231470988;4;0.0
1231471428;5;0.0
1231471789;6;0.0
1231472369;7;0.0
1231472743;8;0.0
1231473279;9;0.0
1231473952;10;0.0
1231474360;11;0.0
1231474888;12;0.0
1231475020;13;0.0
1231475589;14;0.0
1231562746;15;0.0
1231562758;16;0.0
1231563791;17;0.0
1231564334;18;0.0
1231564974;19;0.0
1231565995;20;0.0
1231566553;21;0.0
1231567467;22;0.0
1231567611;23;0.0
1231568277;24;0.0
1231568646;25;0.0
1231570450;26;0.0
1231570573;27;0.0
1231601457;28;0.0
1231601503;29;0.0
1231602122;30;0.0
1231602736;31;0.0
1231603171;32;0.0
1231603939;33;0.0
1231604338;34;0.0
1231605153;35;0.0
1231605789;36;0.0
1231606762;37;0.0
1231607488;38;0.0
1231607511;39;0.0
1231608208;40;0.0
1231608903;41;0.0
1231609153;42;0.0
1231609477;43;0.0
1231610361;44;0.0
1231611068;45;0.0
1231611793;46;0.0
1231612888;47;0.0
1231613140;48;0.0
1231613802;49;0.0
1231614698;50;0.0
1231615503;51;0.0
1231616363;52;0.0
1231617190;53;0.0
1231617386;54;0.0
1231618509;55;0.0
1231618848;56;0.0
1231619676;57;0.0
1231620564;58;0.0
1231620928;59;0.0
1231621959;60;0.0
1231622445;61;0.0
1231623224;62;0.0
1231623880;63;0.0
1231624107;64;0.0
1231624503;65;0.0
1231625020;66;0.0
1231626072;67;0.0
1231626618;68;0.0
1231626979;69;0.0
1231627646;70;0.0
1231628459;71;0.0
1231629194;72;0.0
1231630288;73;0.0
1231631189;74;0.0
1231631822;75;0.0
1231632554;76;0.0
1231633184;77;0.0
1231635654;78;0.0
1231645607;79;0.0
1231646077;80;0.0
1231646456;81;0.0
1231647491;82;0.0
1231648583;83;0.0
1231649497;84;0.0
1231650483;85;0.0
1231650986;86;0.0
1231650986;86;0.0
1231651888;87;0.0
1231652408;88;0.0
1231653209;89;0.0
1231653550;90;0.0
1231654229;91;0.0
1231654561;92;0.0
1231655037;93;0.0
1231655581;94;0.0
1231656204;95;0.0
1231657185;96;0.0
1231658068;97;0.0
1231659133;98;0.0
1231660146;99;0.0
1231660825;100;0.0
1231661741;101;0.0
1231662670;102;0.0
1231663467;103;0.0
1231664009;104;0.0
1231664567;105;0.0
1231665565;106;0.0
1231666285;107;0.0
1231667222;108;0.0
1231667774;109;0.0
1231668739;110;0.0
1231669673;111;0.0
1231670137;112;0.0
1231670975;113;0.0
1231671619;114;0.0
1231671963;115;0.0
1231672548;116;0.0
1231673147;117;0.0
1231673484;118;0.0
1231674557;119;0.0
1231675623;120;0.0
1231676281;121;0.0
1231676873;122;0.0
1231677823;123;0.0
1231678278;124;0.0
1231679255;125;0.0
1231679899;126;0.0
1231681965;127;0.0
1231682091;128;0.0
1231683160;129;0.0
1231684125;130;0.0
1231684725;131;0.0
1231685008;132;0.0
1231685667;133;0.0
1231686121;134;0.0
1231686376;135;0.0
1231686868;136;0.0
1231687155;137;0.0
1231687693;138;0.0
1231688158;139;0.0
1231689563;140;0.0
1231690260;141;0.0
1231691038;142;0.0
1231692104;143;0.0
1231693144;144;0.0
1231693700;145;0.0
1231694075;146;0.0
1231695120;147;0.0
1231695528;148;0.0
1231696366;149;0.0
1231696944;150;0.0
1231697621;151;0.0
1231698309;152;0.0
1231699081;153;0.0
1231700008;154;0.0
1231700434;155;0.0
1231700980;156;0.0
1231701538;157;0.0
1231702357;158;0.0
1231702618;159;0.0
1231703466;160;0.0
1231704197;161;0.0
1231704464;162;0.0
1231714917;163;0.0
1231715347;164;0.0
1231716245;165;0.0
1231716329;166;0.0
1231716711;167;0.0
1231717181;168;0.0
1231730523;169;0.0
1231731025;170;0.0
1231731401;171;0.0
1231731853;172;0.0
1231732245;173;0.0
1231732861;174;0.0
1231733876;175;0.0
1231735142;176;0.0
1231736557;177;0.0
1231737131;178;0.0
1231738005;179;0.0
1231739452;180;0.0
1231740133;181;0.0
1231740736;182;0.0
1231742062;183;0.0
1231742949;184;0.0
1231743578;185;0.0
1231743669;186;0.0
1231744600;187;0.0
1231744937;188;0.0
1231745189;189;0.0
1231745501;190;0.0
1231745534;191;0.0
1231747164;192;0.0
1231747455;193;0.0
1231747844;194;0.0
1231749225;195;0.0
1231750046;196;0.0
1231751312;197;0.0
1231752161;198;0.0
1231752757;199;0.0
1231753120;200;0.0
1231753837;201;0.0
1231754944;202;0.0
1231756296;203;0.0
1231756638;204;0.0
1231757171;205;0.0
1231757577;206;0.0
1231757909;207;0.0
1231758547;208;0.0
1231759316;209;0.0
1231759513;210;0.0
1231760107;211;0.0
1231760777;212;0.0
1231762221;213;0.0
1231762662;214;0.0
1231763114;215;0.0
1231764594;216;0.0
1231766029;217;0.0
1231766966;218;0.0
1231767990;219;0.0
1231768665;220;0.0
1231770060;221;0.0
1231770653;222;0.0
1231771213;223;0.0
1231771689;224;0.0
1231773076;225;0.0
1231773794;226;0.0
1231774735;227;0.0
1231775125;228;0.0
1231775577;229;0.0
1231776531;230;0.0
1231777403;231;0.0
1231778080;232;0.0
1231779468;233;0.0
1231780094;234;0.0
1231780771;235;0.0
1231781159;236;0.0
1231781185;237;0.0
1231782035;238;0.0
1231783052;239;0.0
1231783494;240;0.0
1231784201;241;0.0
1231785773;242;0.0
1231786898;243;0.0
1231787524;244;0.0
1231788397;245;0.0
1231788910;246;0.0
1231789563;247;0.0
1231790660;248;0.0
1231791095;249;0.0
1231792456;250;0.0
1231793759;251;0.0
1231795114;252;0.0
1231795882;253;0.0
1231796561;254;0.0
1231797290;255;0.0
1231798073;256;0.0
1231799163;257;0.0
1231800349;258;0.0
1231801541;259;0.0
1231802728;260;0.0
1231803223;261;0.0
1231803947;262;0.0
1231805421;263;0.0
1231805980;264;0.0
1231806051;265;0.0
1231806170;266;0.0
1231806964;267;0.0
1231807132;268;0.0
1231807293;269;0.0
1231808778;270;0.0
1231809900;271;0.0
1231810641;272;0.0
1231811219;273;0.0
1231811622;274;0.0
1231812926;275;0.0
1231813196;276;0.0
1231815025;277;0.0
1231815925;278;0.0
1231816169;279;0.0
1231817139;280;0.0
1231817659;281;0.0
1231818395;282;0.0
1231819157;283;0.0
1231820141;284;0.0
1231821417;285;0.0
1231822967;287;0.0
1231823695;288;0.0
1231824272;289;0.0
1231825046;290;0.0
1231825707;291;0.0
1231826633;292;0.0
1231827489;293;0.0
1231828541;294;0.0
1231829684;296;0.0
1231829772;297;0.0
1231830791;298;0.0
1231831694;299;0.0
1231832435;300;0.0
1231833175;301;0.0
1231833861;302;0.0
1231835108;303;0.0
1231835642;304;0.0
1231836755;305;0.0
1231837946;306;0.0
1231838493;307;0.0
1231839461;308;0.0
1231839504;309;0.0
1231840002;310;0.0
1231840140;311;0.0
1231841124;312;0.0
1231841699;313;0.0
1231842444;314;0.0
1231843597;315;0.0
1231844245;316;0.0
1231844715;317;0.0
1231845101;318;0.0
1231846048;319;0.0
1231846218;320;0.0
1231846990;321;0.0
1231847669;322;0.0
1231848372;323;0.0
1231849416;324;0.0
1231849987;325;0.0
1231850712;326;0.0
1231851531;327;0.0
1231851944;328;0.0
1231852306;329;0.0
1231853108;330;0.0
1231854172;331;0.0
1231854604;332;0.0
1231855081;333;0.0
1231855781;334;0.0
1231856031;335;0.0
1231856644;336;0.0
1231857108;337;0.0
1231857528;338;0.0
1231857859;339;0.0
1231858635;340;0.0
1231859159;341;0.0
1231860068;342;0.0
1231860987;343;0.0
1231861522;344;0.0
1231861893;345;0.0
1231862299;346;0.0
1231863290;347;0.0
1231864090;348;0.0
1231864857;349;0.0
1231865478;350;0.0
1231866358;351;0.0
1231866858;352;0.0
1231867963;353;0.0
1231868549;354;0.0
1231869577;355;0.0
1231870655;356;0.0
1231870808;357;0.0
1231871671;358;0.0
1231872516;359;0.0
1231872582;360;0.0
1231873025;361;0.0
1231873610;362;0.0
1231874201;363;0.0
1231875152;364;0.0
1231875837;365;0.0
1231876609;366;0.0
1231877248;367;0.0
1231878378;368;0.0
1231879535;369;0.0
1231879977;370;0.0
1231880431;371;0.0
1231880620;372;0.0
1231880887;373;0.0
1231881668;374;0.0
1231882823;375;0.0
1231883994;376;0.0
1231884950;377;0.0
1231885847;378;0.0
1231886424;379;0.0
1231886972;380;0.0
1231887806;381;0.0
1231888319;382;0.0
1231889357;383;0.0
1231890178;384;0.0
1231890970;385;0.0
1231891966;386;0.0
1231892936;387;0.0
1231893644;388;0.0
1231894426;389;0.0
1231895654;390;0.0
1231896614;391;0.0
1231897053;392;0.0
1231897603;393;0.0
1231897970;394;0.0
1231898331;395;0.0
1231898751;396;0.0
1231899618;397;0.0
1231900415;398;0.0
1231901339;399;0.0
1231902179;400;0.0
1231902868;401;0.0
1231903283;402;0.0
1231903835;403;0.0
1231904592;404;0.0
1231905679;405;0.0
1231906883;406;0.0
1231907580;407;0.0
1231907948;408;0.0
1231908863;409;0.0
1231909577;410;0.0
1231910433;411;0.0
1231910935;412;0.0
1231911838;413;0.0
1231912058;414;0.0
1231912565;415;0.0
1231912942;416;0.0
1231913658;417;0.0
1231914025;418;0.0
1231914168;419;0.0
1231914994;420;0.0
1231915415;421;0.0
1231915840;422;0.0
1231916533;423;0.0
1231917703;424;0.0
1231918065;425;0.0
1231919092;426;0.0
1231920354;427;0.0
1231920924;428;0.0
1231922041;429;0.0
1231922852;430;0.0
1231923141;431;0.0
1231923277;432;0.0
1231924258;433;0.0
1231924394;434;0.0
1231925298;435;0.0
1231926247;436;0.0
1231927300;437;0.0
1231927782;438;0.0
1231928740;439;0.0
1231928776;440;0.0
1231929745;441;0.0
1231930435;442;0.0
1231930862;443;0.0
1231931549;444;0.0
1231932001;445;0.0
1231932921;446;0.0
1231933666;447;0.0
1231934513;448;0.0
1231935119;449;0.0
1231936030;450;0.0
1231936485;451;0.0
1231937405;452;0.0
1231938459;453;0.0
1231939525;454;0.0
1231940169;455;0.0
1231941022;456;0.0
1231942187;457;0.0
1231942726;458;0.0
1231943274;459;0.0
1231943631;460;0.0
1231943876;461;0.0
1231944234;462;0.0
1231944562;463;0.0
1231944640;464;0.0
1231944968;465;0.0
1231945725;466;0.0
1231946092;467;0.0
1231947213;468;0.0
1231948092;469;0.0
1231948637;470;0.0
1231949596;471;0.0
1231950232;472;0.0
1231950272;473;0.0
1231950841;474;0.0
1231951310;475;0.0
1231952108;476;0.0
1231953157;477;0.0
1231953545;478;0.0
1231954777;479;0.0
1231955305;480;0.0
1231956588;481;0.0
1231957046;482;0.0
1231958131;483;0.0
1231958892;484;0.0
1231958995;485;0.0
1231959366;486;0.0
1231959983;487;0.0
1231961090;488;0.0
1231962187;489;0.0
1231962298;490;0.0
1231962666;491;0.0
1231963006;492;0.0
1231963103;493;0.0
1231963503;494;0.0
1231964596;495;0.0
1231965655;496;0.0
1231966316;497;0.0
1231966976;498;0.0
1231967680;499;0.0
1231968449;500;0.0
1231969111;501;0.0
1231969575;502;0.0
1231970693;503;0.0
1231971788;504;0.0
1231972858;505;0.0
1231973609;506;0.0
1231973656;507;0.0
1231974724;508;0.0
1231975112;509;0.0
1231975169;510;0.0
1231975547;511;0.0
1231975750;512;0.0
1231976547;513;0.0
1231977072;514;0.0
1231978202;515;0.0
1231979190;516;0.0
1231979559;517;0.0
1231980679;518;0.0
1231981816;519;0.0
1231982359;520;0.0
1231982645;521;0.0
1231983047;522;0.0
1231983513;523;0.0
1231983986;524;0.0
1231984996;525;0.0
1231985645;526;0.0
1231986079;527;0.0
1231986958;528;0.0
1231987028;529;0.0
1231988141;530;0.0
1231989040;531;0.0
1231989398;532;0.0
1231989852;533;0.0
1231991091;534;0.0
1231991724;535;0.0
1231992546;536;0.0
1231992912;537;0.0
1231993954;538;0.0
1231994794;539;0.0
1231995328;540;0.0
1231995747;541;0.0
1231995860;542;0.0
1231996652;543;0.0
1231997349;544;0.0
1231998512;545;0.0
1231999700;546;0.0
1232000330;547;0.0
1232001087;548;0.0
1232002235;549;0.0
1232002581;550;0.0
1232003453;551;0.0
1232004122;552;0.0
1232005462;553;0.0
1232006385;554;0.0
1232007119;555;0.0
1232008124;556;0.0
1232008622;557;0.0
1232009292;558;0.0
1232010280;559;0.0
1232010874;560;0.0
1232011955;561;0.0
1232012146;562;0.0
1232012402;563;0.0
1232012460;564;0.0
1232013560;565;0.0
1232014595;566;0.0
1232014906;567;0.0
1232015450;568;0.0
1232015762;569;0.0
1232016648;570;0.0
1232017034;571;0.0
1232018217;572;0.0
1232018781;573;0.0
1232019144;574;0.0
1232020171;575;0.0
1232020303;576;0.0
1232021565;577;0.0
1232022521;578;0.0
1232023318;579;0.0
1232024017;580;0.0
1232024561;581;0.0
1232025374;582;0.0
1232026445;583;0.0
1232027566;584;0.0
1232028405;585;0.0
1232029520;586;0.0
1232030354;587;0.0
1232031265;588;0.0
1232032416;589;0.0
1232032931;590;0.0
1232033622;591;0.0
1232033858;592;0.0
1232034716;593;0.0
1232035463;594;0.0
1232036324;595;0.0
1232036500;596;0.0
1232036790;597;0.0
1232037121;598;0.0
1232038030;599;0.0
1232038747;600;0.0
1232039247;601;0.0
1232040312;602;0.0
1232041314;603;0.0
1232041344;604;0.0
1232041720;605;0.0
1232042240;606;0.0
1232042393;607;0.0
1232043026;608;0.0
1232043349;609;0.0
1232044039;610;0.0
1232044594;611;0.0
1232045313;612;0.0
1232045372;613;0.0
1232045504;614;0.0
1232046290;615;0.0
1232046839;616;0.0
1232047418;617;0.0
1232048357;618;0.0
1232049139;619;0.0
1232050140;620;0.0
1232050537;621;0.0
1232051001;622;0.0
1232051797;623;0.0
1232052697;624;0.0
1232052762;625;0.0
1232053261;626;0.0
1232054174;627;0.0
1232054999;628;0.0
1232055703;629;0.0
1232056478;630;0.0
1232057250;631;0.0
1232057835;632;0.0
1232058216;633;0.0
1232058407;634;0.0
1232059171;635;0.0
1232060248;636;0.0
1232060865;637;0.0
1232061462;638;0.0
1232062277;639;0.0
1232063044;640;0.0
1232064028;641;0.0
1232064487;642;0.0
1232064985;643;0.0
1232065311;644;0.0
1232065648;645;0.0
1232066137;646;0.0
1232066628;647;0.0
1232067816;648;0.0
1232068634;649;0.0
1232069443;650;0.0
1232070406;651;0.0
1232070480;652;0.0
1232070880;653;0.0
1232071761;654;0.0
1232072093;655;0.0
1232072812;656;0.0
1232073815;657;0.0
1232073893;658;0.0
1232074147;659;0.0
1232074673;660;0.0
1232075360;661;0.0
1232076911;662;0.0
1232077965;663;0.0
1232078396;664;0.0
1232078458;665;0.0
1232079036;666;0.0
1232079598;667;0.0
1232080611;668;0.0
1232081542;669;0.0
1232083261;670;0.0
1232084566;671;0.0
1232085703;672;0.0
1232086216;673;0.0
1232087115;674;0.0
1232088311;675;0.0
1232089660;676;0.0
1232090447;677;0.0
1232091328;678;0.0
1232092225;679;0.0
1232092650;680;0.0
1232093273;681;0.0
1232094155;682;0.0
1232095430;683;0.0
1232096885;684;0.0
1232097041;685;0.0
1232098329;686;0.0
1232098386;687;0.0
1232098802;688;0.0
1232099502;689;0.0
1232100266;690;0.0
1232100803;691;0.0
1232101972;692;0.0
1232103320;693;0.0
1232103990;694;0.0
1232104729;695;0.0
1232106114;696;0.0
1232107288;697;0.0
1232107813;698;0.0
1232108064;699;0.0
1232108688;700;0.0
1232109864;701;0.0
1232110073;702;0.0
1232110280;703;0.0
1232111152;704;0.0
1232111780;705;0.0
1232112566;706;0.0
1232113906;707;0.0
1232114037;708;0.0
1232115216;709;0.0
1232116727;710;0.0
1232118179;711;0.0
1232119286;712;0.0
1232119341;713;0.0
1232119917;714;0.0
1232120951;715;0.0
1232122161;716;0.0
1232122736;717;0.0
1232124164;718;0.0
1232125432;719;0.0
1232125633;720;0.0
1232126326;721;0.0
1232127258;722;0.0
1232128717;723;0.0
1232129602;724;0.0
1232131033;725;0.0
1232132250;726;0.0
1232132515;727;0.0
1232133515;728;0.0
1232133558;729;0.0
1232134449;730;0.0
1232134905;731;0.0
1232135969;732;0.0
1232136547;733;0.0
1232137444;734;0.0
1232138546;735;0.0
1232139204;736;0.0
1232139727;737;0.0
1232140366;738;0.0
1232141054;739;0.0
1232141960;740;0.0
1232142119;741;0.0
1232143308;742;0.0
1232144951;743;0.0
1232146460;744;0.0
1232147265;745;0.0
1232148780;746;0.0
1232150041;747;0.0
1232150102;748;0.0
1232151146;749;0.0
1232152343;750;0.0
1232152910;751;0.0
1232153225;752;0.0
1232153864;753;0.0
1232154634;754;0.0
1232155719;755;0.0
1232156539;756;0.0
1232156739;757;0.0
1232157221;758;0.0
1232158170;759;0.0
1232158840;760;0.0
1232159437;761;0.0
1232160698;762;0.0
1232161744;763;0.0
1232162276;764;0.0
1232163166;765;0.0
1232164242;766;0.0
1232164279;767;0.0
1232165677;768;0.0
1232166977;769;0.0
1232168140;770;0.0
1232168513;771;0.0
1232168636;772;0.0
1232169303;773;0.0
1232169696;774;0.0
1232171060;775;0.0
1232171865;776;0.0
1232171948;777;0.0
1232172535;778;0.0
1232173741;779;0.0
1232174964;780;0.0
1232175823;781;0.0
1232177092;782;0.0
1232177364;783;0.0
1232179003;784;0.0
1232180282;785;0.0
1232180428;786;0.0
1232180879;787;0.0
1232180896;788;0.0
1232181334;789;0.0
1232182083;790;0.0
1232183635;791;0.0
1232184950;792;0.0
1232186294;793;0.0
1232187625;794;0.0
1232188579;795;0.0
1232189223;796;0.0
1232190699;797;0.0
1232192234;798;0.0
1232193674;799;0.0
1232194705;800;0.0
1232195440;801;0.0
1232195855;802;0.0
1232196066;803;0.0
1232196222;804;0.0
1232196637;805;0.0
1232198028;806;0.0
1232198652;807;0.0
1232199450;808;0.0
1232199992;809;0.0
1232200390;810;0.0
1232201404;811;0.0
1232201792;812;0.0
1232201977;813;0.0
1232202799;814;0.0
1232203123;815;0.0
1232204591;816;0.0
1232205957;817;0.0
1232206467;818;0.0
1232206702;819;0.0
1232207788;820;0.0
1232208241;821;0.0
1232208484;822;0.0
1232209980;823;0.0
1232210734;824;0.0
1232211036;825;0.0
1232211605;826;0.0
1232212551;827;0.0
1232213029;828;0.0
1232213194;829;0.0
1232213554;830;0.0
1232214634;831;0.0
1232215545;832;0.0
1232216501;833;0.0
1232217508;834;0.0
1232218747;835;0.0
1232219534;836;0.0
1232219953;837;0.0
1232220551;838;0.0
1232221146;839;0.0
1232222636;840;0.0
1232223492;841;0.0
1232223930;842;0.0
1232224123;843;0.0
1232224537;844;0.0
1232224643;845;0.0
1232225685;846;0.0
1232226781;847;0.0
1232227629;848;0.0
1232228695;849;0.0
1232229891;850;0.0
1232230156;851;0.0
1232230602;852;0.0
1232231701;853;0.0
1232233355;854;0.0
1232234595;855;0.0
1232235821;856;0.0
1232236630;857;0.0
1232237414;858;0.0
1232238172;859;0.0
1232239516;860;0.0
1232240418;861;0.0
1232241151;862;0.0
1232242395;863;0.0
1232243472;864;0.0
1232243873;865;0.0
1232244658;866;0.0
1232244991;867;0.0
1232246210;868;0.0
1232247229;869;0.0
1232247477;870;0.0
1232249078;871;0.0
1232250005;872;0.0
1232250742;873;0.0
1232252254;874;0.0
1232252663;875;0.0
1232253850;876;0.0
1232254751;877;0.0
1232256159;878;0.0
1232257224;879;0.0
1232258441;880;0.0
1232259101;881;0.0
1232260301;882;0.0
1232261425;883;0.0
1232261799;884;0.0
1232262359;885;0.0
1232262719;886;0.0
1232262926;887;0.0
1232263401;888;0.0
1232264942;889;0.0
1232266126;890;0.0
1232267105;891;0.0
1232268076;892;0.0
1232269231;893;0.0
1232270118;894;0.0
1232271496;895;0.0
1232272930;896;0.0
1232273473;897;0.0
1232274205;898;0.0
1232275311;899;0.0
1232275729;900;0.0
1232277180;901;0.0
1232278193;902;0.0
1232279463;903;0.0
1232280145;904;0.0
1232280459;905;0.0
1232281585;906;0.0
1232281621;907;0.0
1232282025;908;0.0
1232282850;909;0.0
1232284184;910;0.0
1232285076;911;0.0
1232286406;912;0.0
1232286892;913;0.0
1232287750;914;0.0
1232288629;915;0.0
1232288674;916;0.0
1232289711;917;0.0
1232290270;918;0.0
1232290924;919;0.0
1232291413;920;0.0
1232292231;921;0.0
1232293348;922;0.0
1232294096;923;0.0
1232294687;924;0.0
1232295430;925;0.0
1232296490;926;0.0
1232296937;927;0.0
1232298030;928;0.0
1232298650;929;0.0
1232299798;930;0.0
1232301208;931;0.0
1232301593;932;0.0
1232302140;933;0.0
1232303074;934;0.0
1232303210;935;0.0
1232303636;936;0.0
1232304668;937;0.0
1232306174;938;0.0
1232306686;939;0.0
1232306853;940;0.0
1232307189;941;0.0
1232307944;942;0.0
1232308979;943;0.0
1232309501;944;0.0
1232309637;945;0.0
1232309875;946;0.0
1232311132;947;0.0
1232312064;948;0.0
1232312474;949;0.0
1232313148;950;0.0
1232313891;951;0.0
1232315215;952;0.0
1232315776;953;0.0
1232316261;954;0.0
1232316437;955;0.0
1232316957;956;0.0
1232317580;957;0.0
1232317818;958;0.0
1232318024;959;0.0
1232319062;960;0.0
1232319910;961;0.0
1232321408;962;0.0
1232321869;963;0.0
1232322800;964;0.0
1232323275;965;0.0
1232323703;966;0.0
1232323869;967;0.0
1232325165;968;0.0
1232325821;969;0.0
1232326840;970;0.0
1232327230;971;0.0
1232328352;972;0.0
1232329010;973;0.0
1232329529;974;0.0
1232330208;975;0.0
1232331030;976;0.0
1232332553;977;0.0
1232333325;978;0.0
1232334078;979;0.0
1232334867;980;0.0
1232335733;981;0.0
1232336991;982;0.0
1232338277;983;0.0
1232338844;984;0.0
1232339172;985;0.0
1232339501;986;0.0
1232340412;987;0.0
1232340645;988;0.0
1232341883;989;0.0
1232342619;990;0.0
1232343383;991;0.0
1232343956;992;0.0
1232344227;993;0.0
1232344489;994;0.0
1232344831;995;0.0
1232345150;996;0.0
1232345400;997;0.0
1232345881;998;0.0
1232346443;999;0.0
1232346882;1000;0.0
1232347786;1001;0.0
1232348906;1002;0.0
1232349972;1003;0.0
1232350152;1004;0.0
1232351523;1005;0.0
1232352703;1006;0.0
1232353666;1007;0.0
1232354420;1008;0.0
1232355137;1009;0.0
1232355307;1010;0.0
1232356168;1011;0.0
1232357462;1012;0.0
1232358388;1013;0.0
1232359280;1014;0.0
1232359489;1015;0.0
1232360852;1016;0.0
1232361382;1017;0.0
1232361706;1018;0.0
1232363330;1019;0.0
1232364571;1020;0.0
1232365709;1021;0.0
1232366060;1022;0.0
1232366096;1023;0.0
1232367378;1024;0.0
1232367968;1025;0.0
1232368368;1026;0.0
1232368720;1027;0.0
1232369020;1028;0.0
1232369217;1029;0.0
1232370113;1030;0.0
1232370432;1031;0.0
1232371508;1032;0.0
1232372928;1033;0.0
1232373619;1034;0.0
1232374825;1035;0.0
1232376067;1036;0.0
1232376733;1037;0.0
1232377504;1038;0.0
1232378244;1039;0.0
1232379081;1040;0.0
1232380221;1041;0.0
1232380348;1042;0.0
1232381185;1043;0.0
1232382527;1044;0.0
1232383834;1045;0.0
1232384317;1046;0.0
1232385004;1047;0.0
1232385556;1048;0.0
1232386339;1049;0.0
1232387586;1050;0.0
1232388432;1051;0.0
1232388789;1052;0.0
1232389749;1053;0.0
1232390294;1054;0.0
1232391642;1055;0.0
1232392372;1056;0.0
1232393819;1057;0.0
1232394221;1058;0.0
1232395609;1059;0.0
1232395715;1060;0.0
1232396552;1061;0.0
1232396840;1062;0.0
1232397012;1063;0.0
1232397730;1064;0.0
1232398150;1065;0.0
1232398573;1066;0.0
1232399182;1067;0.0
1232399947;1068;0.0
1232399994;1069;0.0
1232401220;1070;0.0
1232402234;1071;0.0
1232402972;1072;0.0
1232403570;1073;0.0
1232404725;1074;0.0
1232404884;1075;0.0
1232406007;1076;0.0
1232406728;1077;0.0
1232407662;1078;0.0
1232408570;1079;0.0
1232409668;1080;0.0
1232410217;1081;0.0
1232410784;1082;0.0
1232411392;1083;0.0
1232411662;1084;0.0
1232412891;1085;0.0
1232413730;1086;0.0
1232414993;1087;0.0
1232415023;1088;0.0
1232415903;1089;0.0
1232416696;1090;0.0
1232417465;1091;0.0
1232417578;1092;0.0
1232418698;1093;0.0
1232418765;1094;0.0
1232419059;1095;0.0
1232419724;1096;0.0
1232420523;1097;0.0
1232421724;1098;0.0
1232423197;1099;0.0
1232424389;1100;0.0
1232425169;1101;0.0
1232425368;1102;0.0
1232425891;1103;0.0
1232426395;1104;0.0
1232427022;1105;0.0
1232427360;1106;0.0
1232427447;1107;0.0
1232427802;1108;0.0
1232428878;1109;0.0
1232429699;1110;0.0
1232431122;1111;0.0
1232431779;1112;0.0
1232431889;1113;0.0
1232432828;1114;0.0
1232432915;1115;0.0
1232434247;1116;0.0
1232434318;1117;0.0
1232434771;1118;0.0
1232435075;1119;0.0
1232436132;1120;0.0
1232436493;1121;0.0
1232437702;1122;0.0
1232437709;1123;0.0
1232438477;1124;0.0
1232439045;1125;0.0
1232439599;1126;0.0
1232440636;1127;0.0
1232441857;1128;0.0
1232443220;1129;0.0
1232443888;1130;0.0
1232444353;1131;0.0
1232445128;1132;0.0
1232446711;1133;0.0
1232448076;1134;0.0
1232448994;1135;0.0
1232449155;1136;0.0
1232449624;1137;0.0
1232450639;1138;0.0
1232451465;1139;0.0
1232452108;1140;0.0
1232453184;1141;0.0
1232454225;1142;0.0
1232454851;1143;0.0
1232455094;1144;0.0
1232455240;1145;0.0
1232456479;1146;0.0
1232457025;1147;0.0
1232458200;1148;0.0
1232459287;1149;0.0
1232459495;1150;0.0
1232460645;1151;0.0
1232461912;1152;0.0
1232462603;1153;0.0
1232463379;1154;0.0
1232463836;1155;0.0
1232465269;1156;0.0
1232466217;1157;0.0
1232466915;1158;0.0
1232467760;1159;0.0
1232467835;1160;0.0
1232468329;1161;0.0
1232469448;1162;0.0
1232469804;1163;0.0
1232470806;1164;0.0
1232472056;1165;0.0
1232473286;1166;0.0
1232474035;1167;0.0
1232474926;1168;0.0
1232476054;1169;0.0
1232476860;1170;0.0
1232477955;1171;0.0
1232478569;1172;0.0
1232479216;1173;0.0
1232480358;1174;0.0
1232481678;1175;0.0
1232482818;1176;0.0
1232483653;1177;0.0
1232483950;1178;0.0
1232484296;1179;0.0
1232484648;1180;0.0
1232485760;1181;0.0
1232486925;1182;0.0
1232487639;1183;0.0
1232488392;1184;0.0
1232489051;1185;0.0
1232489717;1186;0.0
1232490443;1187;0.0
1232490969;1188;0.0
1232492251;1189;0.0
1232493570;1190;0.0
1232494808;1191;0.0
1232495125;1192;0.0
1232495699;1193;0.0
1232496082;1194;0.0
1232496380;1195;0.0
1232497364;1196;0.0
1232497626;1197;0.0
1232498519;1198;0.0
1232498953;1199;0.0
1232500435;1200;0.0
1232501684;1201;0.0
1232502483;1202;0.0
1232503773;1203;0.0
1232504229;1204;0.0
1232505060;1205;0.0
1232505102;1206;0.0
1232505800;1207;0.0
1232506171;1208;0.0
1232506968;1209;0.0
1232507902;1210;0.0
1232509364;1211;0.0
1232510363;1212;0.0
1232510782;1213;0.0
1232511863;1214;0.0
1232512266;1215;0.0
1232512290;1216;0.0
1232513029;1217;0.0
1232513643;1218;0.0
1232514395;1219;0.0
1232515122;1220;0.0
1232515789;1221;0.0
1232517300;1222;0.0
1232518399;1223;0.0
1232519561;1224;0.0
1232520307;1225;0.0
1232521228;1226;0.0
1232521768;1227;0.0
1232521905;1228;0.0
1232522562;1229;0.0
1232523624;1230;0.0
1232524332;1231;0.0
1232525373;1232;0.0
1232526312;1233;0.0
1232526531;1234;0.0
1232527002;1235;0.0
1232528367;1236;0.0
1232529202;1237;0.0
1232530568;1238;0.0
1232530978;1239;0.0
1232531092;1240;0.0
1232532040;1241;0.0
1232533088;1242;0.0
1232533191;1243;0.0
1232534263;1244;0.0
1232534559;1245;0.0
1232534903;1246;0.0
1232536053;1247;0.0
1232537103;1248;0.0
1232537608;1249;0.0
1232538338;1250;0.0
1232539161;1251;0.0
1232540048;1252;0.0
1232541482;1253;0.0
1232541682;1254;0.0
1232542450;1255;0.0
1232542744;1256;0.0
1232543180;1257;0.0
1232544393;1258;0.0
1232544902;1259;0.0
1232544961;1260;0.0
1232546133;1261;0.0
1232547461;1262;0.0
1232548009;1263;0.0
1232548606;1264;0.0
1232550102;1265;0.0
1232550879;1266;0.0
1232551290;1267;0.0
1232551405;1268;0.0
1232551496;1269;0.0
1232551580;1270;0.0
1232552428;1271;0.0
1232553288;1272;0.0
1232553971;1273;0.0
1232554909;1274;0.0
1232555808;1275;0.0
1232556771;1276;0.0
1232557240;1277;0.0
1232558225;1278;0.0
1232558706;1279;0.0
1232560088;1280;0.0
1232560551;1281;0.0
1232561773;1282;0.0
1232562833;1283;0.0
1232563152;1284;0.0
1232563860;1285;0.0
1232564096;1286;0.0
1232564683;1287;0.0
1232566050;1288;0.0
1232566646;1289;0.0
1232566708;1290;0.0
1232567652;1291;0.0
1232568080;1292;0.0
1232569600;1293;0.0
1232570736;1294;0.0
1232571438;1295;0.0
1232582734;1296;0.0
1232587968;1297;0.0
1232591800;1298;0.0
1232592232;1299;0.0
1232594123;1300;0.0
1232594915;1301;0.0
1232595648;1302;0.0
1232596362;1303;0.0
1232597716;1304;0.0
1232598859;1305;0.0
1232599853;1306;0.0
1232600439;1307;0.0
1232601901;1308;0.0
1232602728;1309;0.0
1232603229;1310;0.0
1232604290;1311;0.0
1232605860;1312;0.0
1232606990;1313;0.0
1232607419;1314;0.0
1232608332;1315;0.0
1232609442;1316;0.0
1232609747;1317;0.0
1232610329;1318;0.0
1232611761;1319;0.0
1232612478;1320;0.0
1232613826;1321;0.0
1232615288;1322;0.0
1232615832;1323;0.0
1232617333;1324;0.0
1232618740;1325;0.0
1232619577;1326;0.0
1232620132;1327;0.0
1232620874;1328;0.0
1232621997;1329;0.0
1232623267;1330;0.0
1232623960;1331;0.0
1232625123;1332;0.0
1232626023;1333;0.0
1232626632;1334;0.0
1232627210;1335;0.0
1232628826;1336;0.0
1232629728;1337;0.0
1232631018;1338;0.0
1232631547;1339;0.0
1232632496;1340;0.0
1232633711;1341;0.0
1232633898;1342;0.0
1232634666;1343;0.0
1232635880;1344;0.0
1232637235;1345;0.0
1232638301;1346;0.0
1232639155;1347;0.0
1232640471;1348;0.0
1232641365;1349;0.0
1232641950;1350;0.0
1232642922;1351;0.0
1232643036;1352;0.0
1232643990;1353;0.0
1232645196;1354;0.0
1232646520;1355;0.0
1232647460;1356;0.0
1232648310;1357;0.0
1232649772;1358;0.0
1232650273;1359;0.0
1232650833;1360;0.0
1232652104;1361;0.0
1232652455;1362;0.0
1232653621;1363;0.0
1232654110;1364;0.0
1232654654;1365;0.0
1232655076;1366;0.0
1232655600;1367;0.0
1232656107;1368;0.0
1232657552;1369;0.0
1232658776;1370;0.0
1232659717;1371;0.0
1232660232;1372;0.0
1232661715;1373;0.0
1232662125;1374;0.0
1232663126;1375;0.0
1232663205;1376;0.0
1232664261;1377;0.0
1232664345;1378;0.0
1232665064;1379;0.0
1232666052;1380;0.0
1232666501;1381;0.0
1232667108;1382;0.0
1232667399;1383;0.0
1232668013;1384;0.0
1232668039;1385;0.0
1232668740;1386;0.0
1232669186;1387;0.0
1232673973;1388;0.0
1232682580;1389;0.0
1232696035;1390;0.0
1232696915;1391;0.0
1232697911;1392;0.0
1232698876;1393;0.0
1232703311;1394;0.0
1232707975;1395;0.0
1232708727;1396;0.0
1232709019;1397;0.0
1232721688;1398;0.0
1232723624;1399;0.0
1232726353;1400;0.0
1232726498;1401;0.0
1232726853;1402;0.0
1232727181;1403;0.0
1232728212;1404;0.0
1232728278;1405;0.0
1232728810;1406;0.0
1232728843;1407;0.0
1232729089;1408;0.0
1232729315;1409;0.0
1232729603;1410;0.0
1232729636;1411;0.0
1232730677;1412;0.0
1232730965;1413;0.0
1232731121;1414;0.0
1232731481;1415;0.0
1232732329;1416;0.0
1232732444;1417;0.0
1232732779;1418;0.0
1232732834;1419;0.0
1232733269;1420;0.0
1232733831;1421;0.0
1232734008;1422;0.0
1232734485;1423;0.0
1232735014;1424;0.0
1232735260;1425;0.0
1232735393;1426;0.0
1232736096;1427;0.0
1232736460;1428;0.0
1232736691;1429;0.0
1232737826;1430;0.0
1232738035;1431;0.0
1232738782;1432;0.0
1232739170;1433;0.0
1232739702;1434;0.0
1232740288;1435;0.0
1232741127;1436;0.0
1232741180;1437;0.0
1232741593;1438;0.0
1232741710;1439;0.0
1232742205;1440;0.0
1232742800;1441;0.0
1232742894;1442;0.0
1232743265;1443;0.0
1232743750;1444;0.0
1232743852;1445;0.0
1232744713;1446;0.0
1232745465;1447;0.0
1232745880;1448;0.0
1232746252;1449;0.0
1232746600;1450;0.0
1232747439;1451;0.0
1232747990;1452;0.0
1232748088;1453;0.0
1232748657;1454;0.0
1232749060;1455;0.0
1232749475;1456;0.0
1232749987;1457;0.0
1232750164;1458;0.0
1232750857;1459;0.0
1232751181;1460;0.0
1232751868;1461;0.0
1232752262;1462;0.0
1232752553;1463;0.0
1232752933;1464;0.0
1232753217;1465;0.0
1232753594;1466;0.0
1232753723;1467;0.0
1232754681;1468;0.0
1232754989;1469;0.0
1232755162;1470;0.0
1232755796;1471;0.0
1232755814;1472;0.0
1232756228;1473;0.0
1232756930;1474;0.0
1232757381;1475;0.0
1232757937;1476;0.0
1232758347;1477;0.0
1232758586;1478;0.0
1232759135;1479;0.0
1232759222;1480;0.0
1232759294;1481;0.0
1232760507;1482;0.0
1232760541;1483;0.0
1232761479;1484;0.0
1232761623;1485;0.0
1232761985;1486;0.0
1232762084;1487;0.0
1232762360;1488;0.0
1232762404;1489;0.0
1232763131;1490;0.0
1232763740;1491;0.0
1232763992;1492;0.0
1232764687;1493;0.0
1232765208;1494;0.0
1232765401;1495;0.0
1232766170;1496;0.0
1232766818;1497;0.0
1232767188;1498;0.0
1232767809;1499;0.0
1232768195;1500;0.0
1232768255;1501;0.0
1232769322;1502;0.0
1232769467;1503;0.0
1232770617;1504;0.0
1232770666;1505;0.0
1232771110;1506;0.0
1232771304;1507;0.0
1232771489;1508;0.0
1232771864;1509;0.0
1232772755;1510;0.0
1232772878;1511;0.0
1232773213;1512;0.0
1232773342;1513;0.0
1232773505;1514;0.0
1232773859;1515;0.0
1232774370;1516;0.0
1232774634;1517;0.0
1232775734;1518;0.0
1232775905;1519;0.0
1232776000;1520;0.0
1232776139;1521;0.0
1232776178;1522;0.0
1232776660;1523;0.0
1232777194;1524;0.0
1232777689;1525;0.0
1232778050;1526;0.0
1232778415;1527;0.0
1232778966;1528;0.0
1232779033;1529;0.0
1232780414;1530;0.0
1232780448;1531;0.0
1232781335;1532;0.0
1232781835;1533;0.0
1232781891;1534;0.0
1232782275;1535;0.0
1232782688;1536;0.0
1232783207;1537;0.0
1232783391;1538;0.0
1232783826;1539;0.0
1232784389;1540;0.0
1232784479;1541;0.0
1232785180;1542;0.0
1232785470;1543;0.0
1232786182;1544;0.0
1232786571;1545;0.0
1232787191;1546;0.0
1232787575;1547;0.0
1232787707;1548;0.0
1232788103;1549;0.0
1232789228;1550;0.0
1232789366;1551;0.0
1232790057;1552;0.0
1232790640;1553;0.0
1232790785;1554;0.0
1232791374;1555;0.0
1232792026;1556;0.0
1232792285;1557;0.0
1232793306;1558;0.0
1232793809;1559;0.0
1232793929;1560;0.0
1232794965;1561;0.0
1232795437;1562;0.0
1232796127;1563;0.0
1232796149;1564;0.0
1232796353;1565;0.0
1232796676;1566;0.0
1232797254;1567;0.0
1232797567;1568;0.0
1232797851;1569;0.0
1232797921;1570;0.0
1232798540;1571;0.0
1232798648;1572;0.0
1232799318;1573;0.0
1232799566;1574;0.0
1232800033;1575;0.0
1232800443;1576;0.0
1232800567;1577;0.0
1232801442;1578;0.0
1232801781;1579;0.0
1232801868;1580;0.0
1232802907;1581;0.0
1232803272;1582;0.0
1232803931;1583;0.0
1232804026;1584;0.0
1232804667;1585;0.0
1232805403;1586;0.0
1232805920;1587;0.0
1232806753;1588;0.0
1232807150;1589;0.0
1232807280;1590;0.0
1232807458;1591;0.0
1232808014;1592;0.0
1232808373;1593;0.0
1232809000;1594;0.0
1232809391;1595;0.0
1232810343;1596;0.0
1232810554;1597;0.0
1232810846;1598;0.0
1232811054;1599;0.0
1232811403;1600;0.0
1232811837;1601;0.0
1232811911;1602;0.0
1232812543;1603;0.0
1232812933;1604;0.0
1232813503;1605;0.0
1232813902;1606;0.0
1232814046;1607;0.0
1232814699;1608;0.0
1232815318;1609;0.0
1232816026;1610;0.0
1232816202;1611;0.0
1232816384;1612;0.0
1232816840;1613;0.0
1232817138;1614;0.0
1232817462;1615;0.0
1232818104;1616;0.0
1232818591;1617;0.0
1232819209;1618;0.0
1232819555;1619;0.0
1232820029;1620;0.0
1232820444;1621;0.0
1232820620;1622;0.0
1232820953;1623;0.0
1232821124;1624;0.0
1232821811;1625;0.0
1232821979;1626;0.0
1232822428;1627;0.0
1232823104;1628;0.0
1232823489;1629;0.0
1232824248;1630;0.0
1232824557;1631;0.0
1232824705;1632;0.0
1232825250;1633;0.0
1232825531;1634;0.0
1232825619;1635;0.0
1232826987;1636;0.0
1232827014;1637;0.0
1232827973;1638;0.0
1232828475;1639;0.0
1232829097;1640;0.0
1232829764;1641;0.0
1232829787;1642;0.0
1232830642;1643;0.0
1232830901;1644;0.0
1232831327;1645;0.0
1232831854;1646;0.0
1232832150;1647;0.0
1232832723;1648;0.0
1232833428;1649;0.0
1232833559;1650;0.0
1232833881;1651;0.0
1232834181;1652;0.0
1232834269;1653;0.0
1232835124;1654;0.0
1232835381;1655;0.0
1232835785;1656;0.0
1232836202;1657;0.0
1232836677;1658;0.0
1232836905;1659;0.0
1232836928;1660;0.0
1232837279;1661;0.0
1232837484;1662;0.0
1232837961;1663;0.0
1232838415;1664;0.0
1232838553;1665;0.0
1232838737;1666;0.0
1232839007;1667;0.0
1232839574;1668;0.0
1232839762;1669;0.0
1232840964;1670;0.0
1232841371;1671;0.0
1232841849;1672;0.0
1232841922;1673;0.0
1232842109;1674;0.0
1232842441;1675;0.0
1232842734;1676;0.0
1232842943;1677;0.0
1232842995;1678;0.0
1232843673;1679;0.0
1232844161;1680;0.0
1232844253;1681;0.0
1232845258;1682;0.0
1232845577;1683;0.0
1232845992;1684;0.0
1232846597;1685;0.0
1232846619;1686;0.0
1232847495;1687;0.0
1232847539;1688;0.0
1232848378;1689;0.0
1232848484;1690;0.0
1232849444;1691;0.0
1232849688;1692;0.0
1232850182;1693;0.0
1232850362;1694;0.0
1232850896;1695;0.0
1232851095;1696;0.0
1232852058;1697;0.0
1232852525;1698;0.0
1232852609;1699;0.0
1232853066;1700;0.0
1232853740;1701;0.0
1232854048;1702;0.0
1232854459;1703;0.0
1232854493;1704;0.0
1232855270;1705;0.0
1232855600;1706;0.0
1232856560;1707;0.0
1232856752;1708;0.0
1232857245;1709;0.0
1232857303;1710;0.0
1232858001;1711;0.0
1232858168;1712;0.0
1232858396;1713;0.0
1232858509;1714;0.0
1232858543;1715;0.0
1232858639;1716;0.0
1232858888;1717;0.0
1232859938;1718;0.0
1232860046;1719;0.0
1232860318;1720;0.0
1232860485;1721;0.0
1232861276;1722;0.0
1232861562;1723;0.0
1232862066;1724;0.0
1232862513;1725;0.0
1232862892;1726;0.0
1232863386;1727;0.0
1232863843;1728;0.0
1232864255;1729;0.0
1232864396;1730;0.0
1232865177;1731;0.0
1232865328;1732;0.0
1232866247;1733;0.0
1232866719;1734;0.0
1232867061;1735;0.0
1232867239;1736;0.0
1232867752;1737;0.0
1232868076;1738;0.0
1232868962;1739;0.0
1232869567;1740;0.0
1232870333;1741;0.0
1232871091;1742;0.0
1232871155;1743;0.0
1232871305;1744;0.0
1232872523;1745;0.0
1232872780;1746;0.0
1232873510;1747;0.0
1232874053;1748;0.0
1232874314;1749;0.0
1232874427;1750;0.0
1232875103;1751;0.0
1232875621;1752;0.0
1232875638;1753;0.0
1232876353;1754;0.0
1232876386;1755;0.0
1232877332;1756;0.0
1232877629;1757;0.0
1232878590;1758;0.0
1232878712;1759;0.0
1232878822;1760;0.0
1232879365;1761;0.0
1232879731;1762;0.0
1232880259;1763;0.0
1232880599;1764;0.0
1232881342;1765;0.0
1232881769;1766;0.0
1232882841;1767;0.0
1232883142;1768;0.0
1232883495;1769;0.0
1232883618;1770;0.0
1232884310;1771;0.0
1232884421;1772;0.0
1232885095;1773;0.0
1232885293;1774;0.0
1232885768;1775;0.0
1232886407;1776;0.0
1232886578;1777;0.0
1232887213;1778;0.0
1232887868;1779;0.0
1232888092;1780;0.0
1232888375;1781;0.0
1232889114;1782;0.0
1232889417;1783;0.0
1232889706;1784;0.0
1232890344;1785;0.0
1232890993;1786;0.0
1232891366;1787;0.0
1232891596;1788;0.0
1232892359;1789;0.0
1232892878;1790;0.0
1232893003;1791;0.0
1232893362;1792;0.0
1232894461;1793;0.0
1232894821;1794;0.0
1232895832;1795;0.0
1232896069;1796;0.0
1232896695;1797;0.0
1232897146;1798;0.0
1232898124;1799;0.0
1232898170;1800;0.0
1232899409;1801;0.0
1232899717;1802;0.0
1232900291;1803;0.0
1232900700;1804;0.0
1232901704;1805;0.0
1232901798;1806;0.0
1232902463;1807;0.0
1232903032;1808;0.0
1232903268;1809;0.0
1232903973;1810;0.0
1232904796;1811;0.0
1232905381;1812;0.0
1232905818;1813;0.0
1232906742;1814;0.0
1232907213;1815;0.0
1232907302;1816;0.0
1232908333;1817;0.0
1232908821;1818;0.0
1232908937;1819;0.0
1232909136;1820;0.0
1232909239;1821;0.0
1232909279;1822;0.0
1232909634;1823;0.0
1232909862;1824;0.0
1232910591;1825;0.0
1232911155;1826;0.0
1232911376;1827;0.0
1232911850;1828;0.0
1232912933;1829;0.0
1232913022;1830;0.0
1232913846;1831;0.0
1232914343;1832;0.0
1232914637;1833;0.0
1232915500;1834;0.0
1232915701;1835;0.0
1232916282;1836;0.0
1232916341;1837;0.0
1232917006;1838;0.0
1232917351;1839;0.0
1232917655;1840;0.0
1232917716;1841;0.0
1232917812;1842;0.0
1232919013;1843;0.0
1232919338;1844;0.0
1232919999;1845;0.0
1232920337;1846;0.0
1232920737;1847;0.0
1232920843;1848;0.0
1232921243;1849;0.0
1232922081;1850;0.0
1232922677;1851;0.0
1232923424;1852;0.0
1232923646;1853;0.0
1232923798;1854;0.0
1232924068;1855;0.0
1232924487;1856;0.0
1232924933;1857;0.0
1232925274;1858;0.0
1232925824;1859;0.0
1232925868;1860;0.0
1232927244;1861;0.0
1232927475;1862;0.0
1232928199;1863;0.0
1232928363;1864;0.0
1232928841;1865;0.0
1232929063;1866;0.0
1232929492;1867;0.0
1232929570;1868;0.0
1232930881;1869;0.0
1232930957;1870;0.0
1232931441;1871;0.0
1232931571;1872;0.0
1232931726;1873;0.0
1232932639;1874;0.0
1232932913;1875;0.0
1232933626;1876;0.0
1232934047;1877;0.0
1232934385;1878;0.0
1232934584;1879;0.0
1232935690;1880;0.0
1232936052;1881;0.0
1232936568;1882;0.0
1232937232;1883;0.0
1232938161;1884;0.0
1232938715;1885;0.0
1232938776;1886;0.0
1232939796;1887;0.0
1232940072;1888;0.0
1232940382;1889;0.0
1232940695;1890;0.0
1232940769;1891;0.0
1232941430;1892;0.0
1232941928;1893;0.0
1232942118;1894;0.0
1232942668;1895;0.0
1232943270;1896;0.0
1232943420;1897;0.0
1232944634;1898;0.0
1232944679;1899;0.0
1232944937;1900;0.0
1232945096;1901;0.0
1232946035;1902;0.0
1232946068;1903;0.0
1232946143;1904;0.0
1232947277;1905;0.0
1232947417;1906;0.0
1232948565;1907;0.0
1232948917;1908;0.0
1232948973;1909;0.0
1232949913;1910;0.0
1232950013;1911;0.0
1232950123;1912;0.0
1232950298;1913;0.0
1232950822;1914;0.0
1232951326;1915;0.0
1232960632;1916;0.0
1232972398;1917;0.0
1232974414;1918;0.0
1232976840;1919;0.0
1232979519;1920;0.0
1232982699;1921;0.0
1232983925;1922;0.0
1232984571;1923;0.0
1232985359;1924;0.0
1232986001;1925;0.0
1232986974;1926;0.0
1232987968;1927;0.0
1232989459;1928;0.0
1232990915;1929;0.0
1232990956;1930;0.0
1232991559;1931;0.0
1232993005;1932;0.0
1232994159;1933;0.0
1232995642;1934;0.0
1232996097;1935;0.0
1232996393;1936;0.0
1232996999;1937;0.0
1232997468;1938;0.0
1232998139;1939;0.0
1232998843;1940;0.0
1232999321;1941;0.0
1233000704;1942;0.0
1233001397;1943;0.0
1233002751;1944;0.0
1233004161;1945;0.0
1233004797;1946;0.0
1233005690;1947;0.0
1233005789;1948;0.0
1233007101;1949;0.0
1233007640;1950;0.0
1233008892;1951;0.0
1233009315;1952;0.0
1233010123;1953;0.0
1233010905;1954;0.0
1233011449;1955;0.0
1233012526;1956;0.0
1233013503;1957;0.0
1233014006;1958;0.0
1233015153;1959;0.0
1233016590;1960;0.0
1233018069;1961;0.0
1233018927;1962;0.0
1233019380;1963;0.0
1233019411;1964;0.0
1233020036;1965;0.0
1233021443;1966;0.0
1233021449;1967;0.0
1233022673;1968;0.0
1233023875;1969;0.0
1233023940;1970;0.0
1233024771;1971;0.0
1233025028;1972;0.0
1233025446;1973;0.0
1233026468;1974;0.0
1233027026;1975;0.0
1233027974;1976;0.0
1233028543;1977;0.0
1233029092;1978;0.0
1233029617;1979;0.0
1233030130;1980;0.0
1233030521;1981;0.0
1233030995;1982;0.0
1233031902;1983;0.0
1233032710;1984;0.0
1233033868;1985;0.0
1233034738;1986;0.0
1233036022;1987;0.0
1233036778;1988;0.0
1233037179;1989;0.0
1233037928;1990;0.0
1233038572;1991;0.0
1233040087;1992;0.0
1233040455;1993;0.0
1233041720;1994;0.0
1233042909;1995;0.0
1233043745;1996;0.0
1233044368;1997;0.0
1233044877;1998;0.0
1233046339;1999;0.0
1233046715;2000;0.0
1233047861;2001;0.0
1233049009;2002;0.0
1233049321;2003;0.0
1233050243;2004;0.0
1233051397;2005;0.0
1233051777;2006;0.0
1233052325;2007;0.0
1233053576;2008;0.0
1233055146;2009;0.0
1233056326;2010;0.0
1233057128;2011;0.0
1233058577;2012;0.0
1233060081;2013;0.0
1233061610;2014;0.0
1233061996;2015;0.0
1233063531;2016;0.0
1233064909;2017;0.0
1233065969;2018;0.0
1233067200;2019;0.0
1233067896;2020;0.0
1233069492;2021;0.0
1233070577;2022;0.0
1233071124;2023;0.0
1233071846;2024;0.0
1233072349;2025;0.0
1233072736;2026;0.0
1233073401;2027;0.0
1233074381;2028;0.0
1233075396;2029;0.0
1233076194;2030;0.0
1233076902;2031;0.0
1233077647;2032;0.0
1233077691;2033;0.0
1233079177;2034;0.0
1233079704;2035;0.0
1233080449;2036;0.0
1233081411;2037;0.0
1233082090;2038;0.0
1233082787;2039;0.0
1233083496;2040;0.0
1233084760;2041;0.0
1233086256;2042;0.0
1233087451;2043;0.0
1233088782;2044;0.0
1233090084;2045;0.0
1233090420;2046;0.0
1233091616;2047;0.0
1233092834;2048;0.0
1233094197;2049;0.0
1233094970;2050;0.0
1233096784;2051;0.0
1233097264;2052;0.0
1233098300;2053;0.0
1233099762;2054;0.0
1233100473;2055;0.0
1233101195;2056;0.0
1233101789;2057;0.0
1233103080;2058;0.0
1233104457;2059;0.0
1233105973;2060;0.0
1233106479;2061;0.0
1233106632;2062;0.0
1233107385;2063;0.0
1233108319;2064;0.0
1233109856;2065;0.0
1233111222;2066;0.0
1233112769;2067;0.0
1233113945;2068;0.0
1233114626;2069;0.0
1233114740;2070;0.0
1233115662;2071;0.0
1233116687;2072;0.0
1233117486;2073;0.0
1233118271;2074;0.0
1233118992;2075;0.0
1233120156;2076;0.0
1233121259;2077;0.0
1233122293;2078;0.0
1233122770;2079;0.0
1233123994;2080;0.0
1233124789;2081;0.0
1233125385;2082;0.0
1233126722;2083;0.0
1233127451;2084;0.0
1233127813;2085;0.0
1233127920;2086;0.0
1233128242;2087;0.0
1233128367;2088;0.0
1233128620;2089;0.0
1233129201;2090;0.0
1233130235;2091;0.0
1233131690;2092;0.0
1233132655;2093;0.0
1233133172;2094;0.0
1233133818;2095;0.0
1233134558;2096;0.0
1233135169;2097;0.0
1233136510;2098;0.0
1233136693;2099;0.0
1233136967;2100;0.0
1233137736;2101;0.0
1233138292;2102;0.0
1233138860;2103;0.0
1233138968;2104;0.0
1233139393;2105;0.0
1233140826;2106;0.0
1233142232;2107;0.0
1233142955;2108;0.0
1233143102;2109;0.0
1233144297;2110;0.0
1233145769;2111;0.0
1233146515;2112;0.0
1233147840;2113;0.0
1233148853;2114;0.0
1233149308;2115;0.0
1233149370;2116;0.0
1233149937;2117;0.0
1233150472;2118;0.0
1233150956;2119;0.0
1233151346;2120;0.0
1233151723;2121;0.0
1233152466;2122;0.0
1233153416;2123;0.0
1233154299;2124;0.0
1233155233;2125;0.0
1233155676;2126;0.0
1233156053;2127;0.0
1233157885;2128;0.0
1233158639;2129;0.0
1233159248;2130;0.0
1233159589;2131;0.0
1233161093;2132;0.0
1233161650;2133;0.0
1233162493;2134;0.0
1233163997;2135;0.0
1233164141;2136;0.0
1233165291;2137;0.0
1233166253;2138;0.0
1233166970;2139;0.0
1233168441;2140;0.0
1233169885;2141;0.0
1233170232;2142;0.0
1233171142;2143;0.0
1233171952;2144;0.0
1233172816;2145;0.0
1233173885;2146;0.0
1233174154;2147;0.0
1233174253;2148;0.0
1233174913;2149;0.0
1233175845;2150;0.0
1233176191;2151;0.0
1233177534;2152;0.0
1233177747;2153;0.0
1233177935;2154;0.0
1233178111;2155;0.0
1233179117;2156;0.0
1233180432;2157;0.0
1233180845;2158;0.0
1233181411;2159;0.0
1233182051;2160;0.0
1233182212;2161;0.0
1233183087;2162;0.0
1233183709;2163;0.0
1233184687;2164;0.0
1233184909;2165;0.0
1233185499;2166;0.0
1233187130;2167;0.0
1233187661;2168;0.0
1233188285;2169;0.0
1233189587;2170;0.0
1233190781;2171;0.0
1233192518;2172;0.0
1233193724;2173;0.0
1233194849;2174;0.0
1233195288;2175;0.0
1233195905;2176;0.0
1233196058;2177;0.0
1233197315;2178;0.0
1233197335;2179;0.0
1233198715;2180;0.0
1233200051;2181;0.0
1233201115;2182;0.0
1233202433;2183;0.0
1233202869;2184;0.0
1233203788;2185;0.0
1233204480;2186;0.0
1233205135;2187;0.0
1233206473;2188;0.0
1233207532;2189;0.0
1233207720;2190;0.0
1233207804;2191;0.0
1233208978;2192;0.0
1233209561;2193;0.0
1233209937;2194;0.0
1233211327;2195;0.0
1233212106;2196;0.0
1233213283;2197;0.0
1233213742;2198;0.0
1233214942;2199;0.0
1233215459;2200;0.0
1233216865;2201;0.0
1233217662;2202;0.0
1233217787;2203;0.0
1233218305;2204;0.0
1233219365;2205;0.0
1233219428;2206;0.0
1233219856;2207;0.0
1233221099;2208;0.0
1233222060;2209;0.0
1233222165;2210;0.0
1233222492;2211;0.0
1233222520;2212;0.0
1233223216;2213;0.0
1233223458;2214;0.0
1233223603;2215;0.0
1233224434;2216;0.0
1233225567;2217;0.0
1233227044;2218;0.0
1233227246;2219;0.0
1233228427;2220;0.0
1233228873;2221;0.0
1233229465;2222;0.0
1233229961;2223;0.0
1233229987;2224;0.0
1233230467;2225;0.0
1233231341;2226;0.0
1233232637;2227;0.0
1233234130;2228;0.0
1233234173;2229;0.0
1233235063;2230;0.0
1233235340;2231;0.0
1233235713;2232;0.0
1233236546;2233;0.0
1233236815;2234;0.0
1233237180;2235;0.0
1233237603;2236;0.0
1233238084;2237;0.0
1233238400;2238;0.0
1233239252;2239;0.0
1233240494;2240;0.0
1233241398;2241;0.0
1233242823;2242;0.0
1233242933;2243;0.0
1233244418;2244;0.0
1233244812;2245;0.0
1233245079;2246;0.0
1233245164;2247;0.0
1233246251;2248;0.0
1233246870;2249;0.0
1233246986;2250;0.0
1233247146;2251;0.0
1233247374;2252;0.0
1233248119;2253;0.0
1233248343;2254;0.0
1233248715;2255;0.0
1233248908;2256;0.0
1233250299;2257;0.0
1233251285;2258;0.0
1233251693;2259;0.0
1233252794;2260;0.0
1233253128;2261;0.0
1233253190;2262;0.0
1233254057;2263;0.0
1233255392;2264;0.0
1233256199;2265;0.0
1233257424;2266;0.0
1233257635;2267;0.0
1233258943;2268;0.0
1233259348;2269;0.0
1233259788;2270;0.0
1233260303;2271;0.0
1233261250;2272;0.0
1233261848;2273;0.0
1233262711;2274;0.0
1233262774;2275;0.0
1233263841;2276;0.0
1233264990;2277;0.0
1233265782;2278;0.0
1233266839;2279;0.0
1233266962;2280;0.0
1233268037;2281;0.0
1233268548;2282;0.0
1233269700;2283;0.0
1233269891;2284;0.0
1233270775;2285;0.0
1233271777;2286;0.0
1233272316;2287;0.0
1233273125;2288;0.0
1233273883;2289;0.0
1233274333;2290;0.0
1233274670;2291;0.0
1233274769;2292;0.0
1233275497;2293;0.0
1233275907;2294;0.0
1233277239;2295;0.0
1233277280;2296;0.0
1233277983;2297;0.0
1233277937;2298;0.0
1233278545;2299;0.0
1233279118;2300;0.0
1233280035;2301;0.0
1233280383;2302;0.0
1233281887;2303;0.0
1233283051;2304;0.0
1233283066;2305;0.0
1233283614;2306;0.0
1233283986;2307;0.0
1233285293;2308;0.0
1233285837;2309;0.0
1233287416;2310;0.0
1233288050;2311;0.0
1233289492;2312;0.0
1233290104;2313;0.0
1233290818;2314;0.0
1233291214;2315;0.0
1233291610;2316;0.0
1233292771;2317;0.0
1233294034;2318;0.0
1233294675;2319;0.0
1233295202;2320;0.0
1233295681;2321;0.0
1233296767;2322;0.0
1233296826;2323;0.0
1233297246;2324;0.0
1233298610;2325;0.0
1233299299;2326;0.0
1233300285;2327;0.0
1233300515;2328;0.0
1233301019;2329;0.0
1233301391;2330;0.0
1233302359;2331;0.0
1233302764;2332;0.0
1233304178;2333;0.0
1233304331;2334;0.0
1233304941;2335;0.0
1233306504;2336;0.0
1233307475;2337;0.0
1233308258;2338;0.0
1233308687;2339;0.0
1233308894;2340;0.0
1233310222;2341;0.0
1233310882;2342;0.0
1233310956;2343;0.0
1233312251;2344;0.0
1233313208;2345;0.0
1233314376;2346;0.0
1233315226;2347;0.0
1233315661;2348;0.0
1233316553;2349;0.0
1233317259;2350;0.0
1233318079;2351;0.0
1233318413;2352;0.0
1233318546;2353;0.0
1233319769;2354;0.0
1233320064;2355;0.0
1233320510;2356;0.0
1233320648;2357;0.0
1233321007;2358;0.0
1233321637;2359;0.0
1233321795;2360;0.0
1233322450;2361;0.0
1233322797;2362;0.0
1233323810;2363;0.0
1233324226;2364;0.0
1233324849;2365;0.0
1233325272;2366;0.0
1233325675;2367;0.0
1233326806;2368;0.0
1233328326;2369;0.0
1233328994;2370;0.0
1233330317;2371;0.0
1233331961;2372;0.0
1233332825;2373;0.0
1233333720;2374;0.0
1233334939;2375;0.0
1233335502;2376;0.0
1233336378;2377;0.0
1233337616;2378;0.0
1233337915;2379;0.0
1233338546;2380;0.0
1233339250;2381;0.0
1233340229;2382;0.0
1233340696;2383;0.0
1233341638;2384;0.0
1233342970;2385;0.0
1233343630;2386;0.0
1233344206;2387;0.0
1233344703;2388;0.0
1233345496;2389;0.0
1233346275;2390;0.0
1233347106;2391;0.0
1233347828;2392;0.0
1233348439;2393;0.0
1233349155;2394;0.0
1233350210;2395;0.0
1233350963;2396;0.0
1233352257;2397;0.0
1233355442;2398;0.0
1233355774;2399;0.0
1233355850;2400;0.0
1233355986;2401;0.0
1233356505;2402;0.0
1233357411;2403;0.0
1233358899;2404;0.0
1233359337;2405;0.0
1233360098;2406;0.0
1233360910;2407;0.0
1233361131;2408;0.0
1233361358;2409;0.0
1233362307;2410;0.0
1233362855;2411;0.0
1233363475;2412;0.0
1233364566;2413;0.0
1233366107;2414;0.0
1233367250;2415;0.0
1233367995;2416;0.0
1233368704;2417;0.0
1233369028;2418;0.0
1233369789;2419;0.0
1233370144;2420;0.0
1233370317;2421;0.0
1233370992;2422;0.0
1233371264;2423;0.0
1233372587;2424;0.0
1233373129;2425;0.0
1233373489;2426;0.0
1233374826;2427;0.0
1233375387;2428;0.0
1233376208;2429;0.0
1233377400;2430;0.0
1233378164;2431;0.0
1233379552;2432;0.0
1233380038;2433;0.0
1233380497;2434;0.0
1233381091;2435;0.0
1233381760;2436;0.0
1233383180;2437;0.0
1233383847;2438;0.0
1233385305;2439;0.0
1233385844;2440;0.0
1233386287;2441;0.0
1233386916;2442;0.0
1233387696;2443;0.0
1233388584;2444;0.0
1233389217;2445;0.0
1233389946;2446;0.0
1233391044;2447;0.0
1233391238;2448;0.0
1233391651;2449;0.0
1233392709;2450;0.0
1233393762;2451;0.0
1233394600;2452;0.0
1233395159;2453;0.0
1233395636;2454;0.0
1233396353;2455;0.0
1233396663;2456;0.0
1233396932;2457;0.0
1233397432;2458;0.0
1233398636;2459;0.0
1233399182;2460;0.0
1233399927;2461;0.0
1233400547;2462;0.0
1233401176;2463;0.0
1233401729;2464;0.0
1233401748;2465;0.0
1233401991;2466;0.0
1233402657;2467;0.0
1233402878;2468;0.0
1233403799;2469;0.0
1233404769;2470;0.0
1233404813;2471;0.0
1233405296;2472;0.0
1233406073;2473;0.0
1233406751;2474;0.0
1233407138;2475;0.0
1233407374;2476;0.0
1233408365;2477;0.0
1233409151;2478;0.0
1233409932;2479;0.0
1233410203;2480;0.0
1233411180;2481;0.0
1233411304;2482;0.0
1233412537;2483;0.0
1233412920;2484;0.0
1233413501;2485;0.0
1233413882;2486;0.0
1233414452;2487;0.0
1233414798;2488;0.0
1233415407;2489;0.0
1233415848;2490;0.0
1233417115;2491;0.0
1233417484;2492;0.0
1233417537;2493;0.0
1233418441;2494;0.0
1233418917;2495;0.0
1233419446;2496;0.0
1233419998;2497;0.0
1233420885;2498;0.0
1233421196;2499;0.0
1233421233;2500;0.0
1233421620;2501;0.0
1233421641;2502;0.0
1233421975;2503;0.0
1233422559;2504;0.0
1233422605;2505;0.0
1233423161;2506;0.0
1233423772;2507;0.0
1233424184;2508;0.0
1233424419;2509;0.0
1233425571;2510;0.0
1233426718;2511;0.0
1233427056;2512;0.0
1233427047;2513;0.0
1233427676;2514;0.0
1233427791;2515;0.0
1233428244;2516;0.0
1233428358;2517;0.0
1233428912;2518;0.0
1233429555;2519;0.0
1233430684;2520;0.0
1233431205;2521;0.0
1233432030;2522;0.0
1233432682;2523;0.0
1233433093;2524;0.0
1233434034;2525;0.0
1233434357;2526;0.0
1233435034;2527;0.0
1233435545;2528;0.0
1233436290;2529;0.0
1233437080;2530;0.0
1233437971;2531;0.0
1233438589;2532;0.0
1233440022;2533;0.0
1233440429;2534;0.0
1233441464;2535;0.0
1233442026;2536;0.0
1233442096;2537;0.0
1233442629;2538;0.0
1233444068;2539;0.0
1233444755;2540;0.0
1233445356;2541;0.0
1233445540;2542;0.0
1233446375;2543;0.0
1233446920;2544;0.0
1233448111;2545;0.0
1233449296;2546;0.0
1233450262;2547;0.0
1233451816;2548;0.0
1233452942;2549;0.0
1233453846;2550;0.0
1233454707;2551;0.0
1233456157;2552;0.0
1233457527;2553;0.0
1233458169;2554;0.0
1233458518;2555;0.0
1233458564;2556;0.0
1233459347;2557;0.0
1233459785;2558;0.0
1233460511;2559;0.0
1233461378;2560;0.0
1233462555;2561;0.0
1233463596;2562;0.0
1233464326;2563;0.0
1233465478;2564;0.0
1233465512;2565;0.0
1233466796;2566;0.0
1233467474;2567;0.0
1233467683;2568;0.0
1233468945;2569;0.0
1233470027;2570;0.0
1233470463;2571;0.0
1233471039;2572;0.0
1233471972;2573;0.0
1233473263;2574;0.0
1233473816;2575;0.0
1233474131;2576;0.0
1233474503;2577;0.0
1233476055;2578;0.0
1233477316;2579;0.0
1233477840;2580;0.0
1233478612;2581;0.0
1233479298;2582;0.0
1233480544;2583;0.0
1233481390;2584;0.0
1233482482;2585;0.0
1233483665;2586;0.0
1233484318;2587;0.0
1233484871;2588;0.0
1233486497;2589;0.0
1233487968;2590;0.0
1233488617;2591;0.0
1233488998;2592;0.0
1233489325;2593;0.0
1233490713;2594;0.0
1233492101;2595;0.0
1233493394;2596;0.0
1233493514;2597;0.0
1233494893;2598;0.0
1233495354;2599;0.0
1233495650;2600;0.0
1233496260;2601;0.0
1233496388;2602;0.0
1233496990;2603;0.0
1233497528;2604;0.0
1233498453;2605;0.0
1233499099;2606;0.0
1233499481;2607;0.0
1233499536;2608;0.0
1233500653;2609;0.0
1233501406;2610;0.0
1233501853;2611;0.0
1233502540;2612;0.0
1233502760;2613;0.0
1233503197;2614;0.0
1233504057;2615;0.0
1233505512;2616;0.0
1233506144;2617;0.0
1233506200;2618;0.0
1233507653;2619;0.0
1233508512;2620;0.0
1233508607;2621;0.0
1233509224;2622;0.0
1233509416;2623;0.0
1233509865;2624;0.0
1233510578;2625;0.0
1233511208;2626;0.0
1233512124;2627;0.0
1233512251;2628;0.0
1233512706;2629;0.0
1233512811;2630;0.0
1233513983;2631;0.0
1233514203;2632;0.0
1233515684;2633;0.0
1233516014;2634;0.0
1233516399;2635;0.0
1233516676;2636;0.0
1233517869;2637;0.0
1233518352;2638;0.0
1233519000;2639;0.0
1233519880;2640;0.0
1233520986;2641;0.0
1233521499;2642;0.0
1233522061;2643;0.0
1233522513;2644;0.0
1233522724;2645;0.0
1233523407;2646;0.0
1233523978;2647;0.0
1233525380;2648;0.0
1233526817;2649;0.0
1233528344;2650;0.0
1233529248;2651;0.0
1233529795;2652;0.0
1233530560;2653;0.0
1233530640;2654;0.0
1233531399;2655;0.0
1233532287;2656;0.0
1233532992;2657;0.0
1233533219;2658;0.0
1233533236;2659;0.0
1233534202;2660;0.0
1233535311;2661;0.0
1233535803;2662;0.0
1233536428;2663;0.0
1233537086;2664;0.0
1233537748;2665;0.0
1233537869;2666;0.0
1233538781;2667;0.0
1233540280;2668;0.0
1233540804;2669;0.0
1233541511;2670;0.0
1233542925;2671;0.0
1233543677;2672;0.0
1233544083;2673;0.0
1233544160;2674;0.0
1233545310;2675;0.0
1233545370;2676;0.0
1233546423;2677;0.0
1233547404;2678;0.0
1233547938;2679;0.0
1233549163;2680;0.0
1233550589;2681;0.0
1233551575;2682;0.0
1233552172;2683;0.0
1233552221;2684;0.0
1233552536;2685;0.0
1233552936;2686;0.0
1233553358;2687;0.0
1233554263;2688;0.0
1233554542;2689;0.0
1233554880;2690;0.0
1233555604;2691;0.0
1233556092;2692;0.0
1233556270;2693;0.0
1233557017;2694;0.0
1233557507;2695;0.0
1233557681;2696;0.0
1233558176;2697;0.0
1233559016;2698;0.0
1233559326;2699;0.0
1233560734;2700;0.0
1233562015;2701;0.0
1233562157;2702;0.0
1233563268;2703;0.0
1233563982;2704;0.0
1233564705;2705;0.0
1233564822;2706;0.0
1233565865;2707;0.0
1233567265;2708;0.0
1233568449;2709;0.0
1233569285;2710;0.0
1233570715;2711;0.0
1233572031;2712;0.0
1233573491;2713;0.0
1233574099;2714;0.0
1233574829;2715;0.0
1233574860;2716;0.0
1233574954;2717;0.0
1233575666;2718;0.0
1233576204;2719;0.0
1233576661;2720;0.0
1233577502;2721;0.0
1233578799;2722;0.0
1233579324;2723;0.0
1233580063;2724;0.0
1233581000;2725;0.0
1233582135;2726;0.0
1233582954;2727;0.0
1233583305;2728;0.0
1233583314;2729;0.0
1233584247;2730;0.0
1233584634;2731;0.0
1233585579;2732;0.0
1233585720;2733;0.0
1233586931;2734;0.0
1233587483;2735;0.0
1233587742;2736;0.0
1233588129;2737;0.0
1233588703;2738;0.0
1233588909;2739;0.0
1233589478;2740;0.0
1233589485;2741;0.0
1233590708;2742;0.0
1233591087;2743;0.0
1233591468;2744;0.0
1233592278;2745;0.0
1233593862;2746;0.0
1233595159;2747;0.0
1233595331;2748;0.0
1233595900;2749;0.0
1233596314;2750;0.0
1233596989;2751;0.0
1233597884;2752;0.0
1233598354;2753;0.0
1233598896;2754;0.0
1233598932;2755;0.0
1233599468;2756;0.0
1233600674;2757;0.0
1233602312;2758;0.0
1233602397;2759;0.0
1233602636;2760;0.0
1233603093;2761;0.0
1233604262;2762;0.0
1233604406;2763;0.0
1233604691;2764;0.0
1233605821;2765;0.0
1233606941;2766;0.0
1233608135;2767;0.0
1233608273;2768;0.0
1233609350;2769;0.0
1233610582;2770;0.0
1233611136;2771;0.0
1233611257;2772;0.0
1233611980;2773;0.0
1233612836;2774;0.0
1233613227;2775;0.0
1233613896;2776;0.0
1233615305;2777;0.0
1233615690;2778;0.0
1233616114;2779;0.0
1233616675;2780;0.0
1233617835;2781;0.0
1233618209;2782;0.0
1233618414;2783;0.0
1233618919;2784;0.0
1233620088;2785;0.0
1233620634;2786;0.0
1233620939;2787;0.0
1233621279;2788;0.0
1233622094;2789;0.0
1233622188;2790;0.0
1233622925;2791;0.0
1233624139;2792;0.0
1233625316;2793;0.0
1233625675;2794;0.0
1233625742;2795;0.0
1233626445;2796;0.0
1233627348;2797;0.0
1233627560;2798;0.0
1233627898;2799;0.0
1233628495;2800;0.0
1233628776;2801;0.0
1233629440;2802;0.0
1233630672;2803;0.0
1233631403;2804;0.0
1233631701;2805;0.0
1233631802;2806;0.0
1233632766;2807;0.0
1233632893;2808;0.0
1233634344;2809;0.0
1233634893;2810;0.0
1233635951;2811;0.0
1233636459;2812;0.0
1233636834;2813;0.0
1233636916;2814;0.0
1233637083;2815;0.0
1233637184;2816;0.0
1233638202;2817;157031.25
1233638709;2818;0.0
1233639127;2819;0.0
1233639192;2820;0.0
1233639427;2821;0.0
1233640612;2822;0.0
1233641557;2823;0.0
1233642808;2824;0.0
1233642828;2825;0.0
1233643075;2826;0.0
1233643227;2827;0.0
1233643589;2828;0.0
1233644396;2829;0.0
1233645082;2830;0.0
1233645504;2831;0.0
1233646074;2832;0.0
1233646712;2833;0.0
1233647223;2834;0.0
1233648172;2835;0.0
1233648778;2836;0.0
1233649286;2837;0.0
1233650820;2838;0.0
1233652167;2839;0.0
1233652620;2840;0.0
1233653970;2841;0.0
1233654999;2842;0.0
1233655385;2843;0.0
1233655583;2844;0.0
1233656267;2845;0.0
1233656722;2846;0.0
1233657223;2847;0.0
1233657702;2848;0.0
1233657725;2849;0.0
1233658032;2850;0.0
1233658146;2851;0.0
1233659353;2852;0.0
1233659437;2853;0.0
1233660016;2854;0.0
1233660553;2855;0.0
1233661341;2856;0.0
1233661964;2857;0.0
1233662516;2858;0.0
1233663360;2859;0.0
1233664875;2860;0.0
1233665932;2861;0.0
1233666084;2862;0.0
1233666967;2863;0.0
1233667989;2864;0.0
1233668501;2865;0.0
1233669097;2866;0.0
1233669680;2867;0.0
1233670521;2868;0.0
1233671315;2869;0.0
1233671549;2870;0.0
1233672309;2871;0.0
1233672495;2872;0.0
1233673511;2873;0.0
1233673827;2874;0.0
1233674517;2875;0.0
1233675786;2876;0.0
1233676732;2877;0.0
1233677362;2878;0.0
1233677873;2879;0.0
1233678555;2880;0.0
1233679751;2881;0.0
1233679888;2882;0.0
1233680354;2883;0.0
1233680501;2884;0.0
1233681014;2885;0.0
1233681331;2886;0.0
1233682275;2887;0.0
1233683611;2888;0.0
1233684700;2889;0.0
1233685532;2890;0.0
1233686355;2891;0.0
1233686611;2892;0.0
1233686996;2893;0.0
1233687668;2894;0.0
1233689051;2895;0.0
1233689139;2896;0.0
1233690629;2897;0.0
1233691982;2898;0.0
1233692120;2899;0.0
1233693317;2900;0.0
1233693445;2901;0.0
1233693905;2902;0.0
1233695255;2903;0.0
1233695329;2904;0.0
1233695381;2905;0.0
1233695486;2906;0.0
1233696595;2907;0.0
1233697110;2908;0.0
1233697905;2909;0.0
1233698506;2910;0.0
1233699151;2911;0.0
1233699846;2912;0.0
1233701033;2913;0.0
1233701758;2914;0.0
1233702292;2915;0.0
1233703275;2916;0.0
1233703467;2917;0.0
1233704478;2918;0.0
1233704592;2919;0.0
1233704643;2920;0.0
1233704807;2921;0.0
1233704929;2922;0.0
1233705540;2923;0.0
1233706586;2924;0.0
1233707055;2925;0.0
1233708027;2926;0.0
1233708693;2927;0.0
1233709520;2928;0.0
1233710646;2929;0.0
1233710874;2930;0.0
1233711440;2931;0.0
1233712565;2932;0.0
1233713090;2933;0.0
1233713948;2934;0.0
1233714592;2935;0.0
1233715064;2936;0.0
1233715573;2937;0.0
1233715884;2938;0.0
1233717110;2939;0.0
1233717911;2940;0.0
1233718562;2941;0.0
1233719325;2942;0.0
1233719791;2943;0.0
1233720555;2944;0.0
1233721457;2945;0.0
1233721812;2946;0.0
1233722935;2947;0.0
1233724010;2948;0.0
1233724391;2949;0.0
1233725172;2950;0.0
1233726421;2951;0.0
1233726911;2952;0.0
1233728416;2953;0.0
1233729155;2954;0.0
1233729920;2955;0.0
1233730047;2956;0.0
1233731205;2957;0.0
1233731640;2958;0.0
1233731884;2959;0.0
1233732647;2960;0.0
1233734037;2961;0.0
1233735073;2962;0.0
1233735407;2963;0.0
1233735932;2964;0.0
1233737391;2965;0.0
1233738615;2966;0.0
1233739076;2967;0.0
1233739643;2968;0.0
1233740277;2969;0.0
1233741343;2970;0.0
1233742063;2971;0.0
1233742726;2972;0.0
1233743419;2973;0.0
1233744348;2974;0.0
1233745475;2975;0.0
1233746777;2976;0.0
1233747043;2977;0.0
1233747450;2978;0.0
1233747637;2979;0.0
1233748129;2980;0.0
1233748790;2981;0.0
1233749788;2982;0.0
1233750202;2983;0.0
1233750665;2984;0.0
1233751572;2985;0.0
1233752104;2986;0.0
1233752545;2987;0.0
1233753128;2988;0.0
1233753509;2989;0.0
1233753984;2990;0.0
1233754777;2991;0.0
1233756316;2992;0.0
1233756445;2993;0.0
1233756963;2994;0.0
1233757102;2995;0.0
1233758050;2996;0.0
1233758727;2997;0.0
1233759601;2998;0.0
1233760999;2999;0.0
1233761870;3000;0.0
1233762657;3001;0.0
1233763257;3002;0.0
1233764480;3003;0.0
1233765836;3004;0.0
1233765972;3005;0.0
1233766538;3006;0.0
1233766955;3007;0.0
1233767738;3008;0.0
1233768745;3009;0.0
1233769134;3010;0.0
1233769584;3011;0.0
1233770281;3012;0.0
1233771533;3013;0.0
1233772277;3014;0.0
1233772986;3015;0.0
1233773698;3016;0.0
1233774371;3017;0.0
1233774446;3018;0.0
1233775785;3019;0.0
1233776683;3020;0.0
1233777104;3021;0.0
1233777578;3022;0.0
1233777957;3023;0.0
1233778857;3024;0.0
1233779690;3025;0.0
1233780106;3026;0.0
1233780660;3027;0.0
1233781219;3028;0.0
1233781644;3029;0.0
1233782378;3030;0.0
1233783103;3031;0.0
1233783271;3032;0.0
1233783500;3033;0.0
1233784407;3034;0.0
1233785999;3035;0.0
1233786054;3036;0.0
1233786965;3037;0.0
1233787449;3038;0.0
1233789413;3039;0.0
1233790027;3040;0.0
1233790750;3041;0.0
1233791654;3042;0.0
1233792501;3043;0.0
1233792927;3044;0.0
1233792939;3045;0.0
1233793412;3046;0.0
1233793609;3047;0.0
1233794163;3048;0.0
1233795081;3049;0.0
1233796564;3050;0.0
1233797191;3051;0.0
1233797956;3052;0.0
1233798979;3053;0.0
1233799208;3054;0.0
1233799864;3055;0.0
1233800403;3056;0.0
1233800425;3057;0.0
1233800669;3058;0.0
1233800934;3059;0.0
1233801803;3060;0.0
1233802394;3061;0.0
1233803378;3062;0.0
1233803897;3063;0.0
1233804371;3064;0.0
1233804863;3065;0.0
1233806009;3066;0.0
1233807443;3067;0.0
1233808468;3068;0.0
1233808712;3069;0.0
1233809130;3070;0.0
1233810083;3071;0.0
1233810799;3072;0.0
1233812264;3073;0.0
1233813718;3074;0.0
1233814545;3075;0.0
1233815252;3076;0.0
1233816522;3077;0.0
1233816972;3078;0.0
1233817506;3079;0.0
1233817927;3080;0.0
1233818492;3081;0.0
1233819556;3082;0.0
1233820392;3083;0.0
1233821090;3084;0.0
1233821835;3085;0.0
1233822971;3086;0.0
1233823926;3087;0.0
1233825099;3088;0.0
1233826570;3089;0.0
1233826959;3090;0.0
1233827180;3091;0.0
1233828263;3092;0.0
1233829150;3093;0.0
1233830101;3094;0.0
1233830687;3095;0.0
1233831430;3096;0.0
1233831876;3097;0.0
1233832989;3098;0.0
1233833383;3099;0.0
1233833636;3100;0.0
1233834827;3101;0.0
1233836303;3102;0.0
1233837098;3103;0.0
1233837695;3104;0.0
1233839042;3105;0.0
1233839523;3106;0.0
1233839832;3107;0.0
1233840717;3108;0.0
1233841349;3109;0.0
1233842808;3110;0.0
1233843831;3111;0.0
1233844268;3112;0.0
1233844702;3113;0.0
1233846172;3114;0.0
1233846524;3115;0.0
1233846956;3116;0.0
1233847151;3117;0.0
1233847305;3118;0.0
1233848375;3119;0.0
1233848837;3120;0.0
1233849585;3121;0.0
1233849949;3122;0.0
1233850733;3123;0.0
1233851160;3124;0.0
1233851256;3125;0.0
1233852048;3126;0.0
1233852159;3127;0.0
1233852470;3128;0.0
1233852888;3129;0.0
1233854290;3130;0.0
1233855810;3131;0.0
1233856444;3132;0.0
1233856991;3133;0.0
1233857734;3134;0.0
1233859128;3135;0.0
1233859519;3136;0.0
1233860045;3137;0.0
1233860585;3138;0.0
1233860653;3139;0.0
1233861837;3140;0.0
1233862550;3141;0.0
1233862631;3142;0.0
1233862678;3143;0.0
1233863795;3144;0.0
1233864577;3145;0.0
1233865417;3146;0.0
1233865495;3147;0.0
1233865542;3148;0.0
1233866152;3149;0.0
1233867744;3150;0.0
1233868025;3151;0.0
1233868588;3152;0.0
1233869322;3153;0.0
1233869554;3154;0.0
1233869854;3155;0.0
1233870655;3156;0.0
1233871603;3157;0.0
1233872544;3158;0.0
1233872974;3159;0.0
1233873296;3160;0.0
1233873749;3161;0.0
1233874520;3162;0.0
1233875721;3163;0.0
1233875778;3164;0.0
1233876388;3165;0.0
1233877200;3166;0.0
1233877789;3167;0.0
1233878327;3168;0.0
1233879455;3169;0.0
1233880255;3170;0.0
1233880288;3171;0.0
1233880658;3172;0.0
1233881498;3173;0.0
1233882016;3174;0.0
1233882832;3175;0.0
1233883878;3176;0.0
1233884272;3177;0.0
1233885494;3178;0.0
1233885941;3179;0.0
1233886267;3180;0.0
1233887452;3181;0.0
1233887562;3182;0.0
1233888302;3183;0.0
1233889195;3184;0.0
1233890082;3185;0.0
1233890328;3186;0.0
1233890974;3187;0.0
1233891352;3188;0.0
1233891611;3189;0.0
1233892376;3190;0.0
1233892781;3191;0.0
1233893476;3192;0.0
1233894298;3193;0.0
1233894615;3194;0.0
1233895767;3195;0.0
1233896460;3196;0.0
1233897351;3197;0.0
1233898905;3198;0.0
1233899869;3199;0.0
1233901171;3200;0.0
1233902189;3201;0.0
1233902612;3202;0.0
1233903069;3203;0.0
1233903539;3204;0.0
1233904572;3205;0.0
1233904675;3206;0.0
1233905546;3207;0.0
1233905627;3208;0.0
1233906655;3209;0.0
1233907438;3210;0.0
1233908427;3211;0.0
1233909676;3212;0.0
1233911128;3213;0.0
1233911507;3214;0.0
1233912192;3215;0.0
1233912335;3216;0.0
1233913528;3217;0.0
1233914225;3218;0.0
1233915228;3219;0.0
1233915473;3220;0.0
1233916520;3221;0.0
1233917324;3222;0.0
1233917637;3223;0.0
1233917678;3224;0.0
1233917703;3225;0.0
1233918385;3226;0.0
1233918902;3227;0.0
1233919549;3228;0.0
1233920518;3229;0.0
1233920701;3230;0.0
1233921395;3231;0.0
1233922488;3232;0.0
1233923070;3233;0.0
1233923672;3234;0.0
1233925185;3235;0.0
1233925796;3236;0.0
1233927008;3237;0.0
1233928115;3238;0.0
1233928835;3239;0.0
1233928888;3240;0.0
1233929188;3241;0.0
1233930464;3242;0.0
1233931849;3243;0.0
1233932412;3244;0.0
1233933150;3245;0.0
1233934521;3246;0.0
1233935520;3247;0.0
1233936064;3248;0.0
1233936462;3249;0.0
1233936543;3250;0.0
1233937243;3251;0.0
1233937671;3252;0.0
1233938502;3253;0.0
1233938789;3254;0.0
1233939004;3255;0.0
1233939949;3256;0.0
1233940010;3257;0.0
1233940354;3258;0.0
1233941936;3259;0.0
1233942683;3260;0.0
1233943475;3261;0.0
1233943588;3262;0.0
1233944227;3263;0.0
1233944994;3264;0.0
1233945737;3265;0.0
1233945891;3266;0.0
1233946487;3267;0.0
1233947616;3268;0.0
1233947985;3269;0.0
1233949215;3270;0.0
1233950059;3271;0.0
1233951365;3272;0.0
1233951999;3273;0.0
1233952877;3274;0.0
1233952899;3275;0.0
1233953514;3276;0.0
1233953938;3277;0.0
1233954419;3278;0.0
1233955523;3279;0.0
1233956115;3280;0.0
1233956252;3281;0.0
1233956776;3282;0.0
1233958257;3283;0.0
1233959670;3284;0.0
1233960614;3285;0.0
1233961976;3286;0.0
1233962857;3287;0.0
1233963799;3288;0.0
1233964135;3289;0.0
1233964566;3290;0.0
1233965480;3291;0.0
1233965983;3292;0.0
1233966217;3293;0.0
1233966537;3294;0.0
1233966571;3295;0.0
1233966740;3296;0.0
1233967632;3297;0.0
1233967835;3298;0.0
1233968260;3299;0.0
1233969746;3300;0.0
1233970379;3301;0.0
1233970751;3302;0.0
1233970781;3303;0.0
1233971360;3304;0.0
1233972552;3305;0.0
1233972824;3306;0.0
1233973867;3307;0.0
1233973980;3308;0.0
1233975266;3309;0.0
1233975890;3310;0.0
1233976337;3311;0.0
1233976892;3312;0.0
1233977534;3313;0.0
1233977962;3314;0.0
1233978446;3315;0.0
1233979158;3316;0.0
1233980151;3317;0.0
1233980753;3318;0.0
1233980997;3319;0.0
1233981520;3320;0.0
1233981903;3321;0.0
1233982300;3322;0.0
1233982705;3323;0.0
1233983298;3324;0.0
1233983729;3325;0.0
1233984314;3326;0.0
1233984904;3327;0.0
1233984947;3328;0.0
1233986407;3329;0.0
1233987408;3330;0.0
1233987689;3331;0.0
1233988038;3332;0.0
1233988845;3333;0.0
1233988858;3334;0.0
1233990024;3335;0.0
1233990302;3336;0.0
1233991463;3337;0.0
1233992830;3338;0.0
1233993319;3339;0.0
1233994917;3340;0.0
1233995847;3341;0.0
1233997155;3342;0.0
1233998376;3343;0.0
1233999807;3344;0.0
1234000874;3345;0.0
1234001243;3346;0.0
1234002336;3347;0.0
1234002674;3348;0.0
1234003092;3349;0.0
1234003232;3350;0.0
1234019250;3374;0.0
1234019775;3375;0.0
1234020165;3376;0.0
1234020735;3377;0.0
1234022135;3378;0.0
1234023109;3379;0.0
1234024313;3380;0.0
1234024416;3381;0.0
1234025243;3382;0.0
1234025504;3383;0.0
1234025801;3384;0.0
1234027307;3385;0.0
1234028640;3386;0.0
1234028771;3387;0.0
1234029306;3388;0.0
1234030794;3389;0.0
1234031681;3390;0.0
1234031925;3391;0.0
1234032303;3392;0.0
1234032954;3393;0.0
1234033726;3394;0.0
1234035271;3395;0.0
1234036115;3396;0.0
1234036286;3397;0.0
1234036352;3398;0.0
1234036786;3399;0.0
1234038283;3400;0.0
1234039326;3401;0.0
1234039911;3402;0.0
1234041211;3403;0.0
1234041270;3404;0.0
1234042299;3405;0.0
1234042544;3406;0.0
1234042584;3407;0.0
1234043250;3408;0.0
1234044169;3409;0.0
1234044272;3410;0.0
1234045561;3411;0.0
1234046127;3412;0.0
1234047166;3413;0.0
1234047565;3414;0.0
1234048593;3415;0.0
1234048878;3416;0.0
1234049963;3417;0.0
1234050608;3418;0.0
1234050787;3419;0.0
1234051435;3420;0.0
1234052640;3421;0.0
1234053705;3422;0.0
1234054634;3423;0.0
1234055575;3424;0.0
1234055792;3425;0.0
1234056386;3426;0.0
1234056810;3427;0.0
1234057001;3428;0.0
1234057626;3429;0.0
1234058155;3430;0.0
1234059037;3431;0.0
1234059805;3432;0.0
1234060781;3433;0.0
1234062168;3434;0.0
1234062658;3435;0.0
1234063155;3436;0.0
1234064586;3437;0.0
1234065689;3438;0.0
1234065983;3439;0.0
1234066082;3440;0.0
1234066802;3441;0.0
1234067213;3442;0.0
1234068241;3443;0.0
1234068713;3444;0.0
1234068814;3445;0.0
1234069174;3446;0.0
1234069729;3447;0.0
1234070482;3448;0.0
1234070906;3449;0.0
1234071253;3450;0.0
1234071409;3451;0.0
1234072021;3452;0.0
1234073323;3453;0.0
1234073911;3454;0.0
1234074608;3455;0.0
1234075580;3456;0.0
1234075693;3457;0.0
1234075719;3458;0.0
1234076483;3459;0.0
1234077135;3460;0.0
1234077488;3461;0.0
1234078159;3462;0.0
1234078555;3463;0.0
1234080012;3464;0.0
1234080529;3465;0.0
1234081022;3466;0.0
1234081352;3467;0.0
1234082192;3468;0.0
1234082450;3469;0.0
1234083538;3470;0.0
1234084678;3471;0.0
1234084826;3472;0.0
1234085033;3473;0.0
1234085129;3474;0.0
1234085861;3475;0.0
1234086664;3476;0.0
1234087395;3477;0.0
1234087641;3478;0.0
1234088581;3479;0.0
1234089031;3480;0.0
1234089157;3481;0.0
1234089591;3482;0.0
1234089843;3483;0.0
1234089997;3484;0.0
1234091124;3485;0.0
1234092157;3486;0.0
1234093640;3487;0.0
1234093654;3488;0.0
1234094072;3489;0.0
1234094615;3490;0.0
1234095924;3491;0.0
1234097275;3492;0.0
1234098065;3493;0.0
1234098963;3494;0.0
1234099534;3495;0.0
1234100891;3496;0.0
1234101537;3497;0.0
1234101893;3498;0.0
1234102381;3499;0.0
1234103440;3500;0.0
1234104282;3501;0.0
1234104867;3502;0.0
1234104943;3503;0.0
1234104963;3504;0.0
1234105211;3505;0.0
1234106521;3506;0.0
1234106725;3507;0.0
1234107610;3508;0.0
1234108024;3509;0.0
1234108300;3510;0.0
1234109209;3511;0.0
1234110185;3512;0.0
1234110234;3513;0.0
1234110878;3514;0.0
1234111569;3515;0.0
1234112159;3516;0.0
1234113634;3517;0.0
1234114634;3518;0.0
1234115019;3519;0.0
1234116293;3520;0.0
1234116784;3521;0.0
1234116894;3522;0.0
1234117510;3523;0.0
1234118046;3524;0.0
1234119644;3525;0.0
1234120063;3526;0.0
1234121167;3527;0.0
1234122197;3528;0.0
1234123643;3529;0.0
1234124126;3530;0.0
1234124185;3531;0.0
1234124751;3532;0.0
1234124868;3533;0.0
1234125544;3534;0.0
1234126435;3535;0.0
1234126537;3536;0.0
1234126921;3537;0.0
1234127399;3538;0.0
1234127716;3539;0.0
1234127873;3540;0.0
1234129242;3541;0.0
1234130741;3542;0.0
1234131189;3543;0.0
1234131768;3544;0.0
1234132152;3545;0.0
1234132927;3546;0.0
1234133866;3547;0.0
1234135307;3548;0.0
1234136210;3549;0.0
1234136728;3550;0.0
1234137358;3551;0.0
1234137874;3552;0.0
1234138581;3553;0.0
1234139695;3554;0.0
1234140576;3555;0.0
1234141107;3556;0.0
1234141933;3557;0.0
1234142329;3558;0.0
1234143737;3559;0.0
1234144587;3560;0.0
1234145909;3561;0.0
1234146067;3562;0.0
1234146328;3563;0.0
1234146489;3564;0.0
1234146892;3565;0.0
1234147346;3566;0.0
1234147856;3567;0.0
1234147895;3568;0.0
1234148935;3569;0.0
1234150204;3570;0.0
1234151065;3571;0.0
1234152162;3572;0.0
1234152354;3573;0.0
1234153617;3574;0.0
1234154084;3575;0.0
1234155459;3576;0.0
1234156105;3577;0.0
1234156706;3578;0.0
1234158080;3579;0.0
1234158701;3580;0.0
1234159211;3581;0.0
1234159802;3582;0.0
1234160668;3583;0.0
1234161871;3584;0.0
1234162941;3585;0.0
1234163342;3586;0.0
1234163837;3587;0.0
1234164819;3588;0.0
1234165722;3589;0.0
1234165781;3590;0.0
1234166192;3591;0.0
1234167580;3592;0.0
1234168375;3593;0.0
1234168938;3594;0.0
1234169895;3595;0.0
1234169928;3596;0.0
1234170745;3597;0.0
1234171099;3598;0.0
1234171205;3599;0.0
1234172560;3600;0.0
1234173337;3601;0.0
1234173989;3602;0.0
1234174030;3603;0.0
1234174753;3604;0.0
1234175423;3605;0.0
1234176404;3606;0.0
1234176730;3607;0.0
1234177640;3608;0.0
1234178479;3609;0.0
1234178692;3610;0.0
1234179939;3611;0.0
1234180528;3612;0.0
1234181013;3613;0.0
1234181150;3614;0.0
1234181704;3615;0.0
1234183217;3616;0.0
1234183274;3617;0.0
1234183855;3618;0.0
1234183909;3619;0.0
1234184052;3620;0.0
1234185310;3621;0.0
1234186442;3622;0.0
1234186721;3623;0.0
1234187662;3624;0.0
1234188020;3625;0.0
1234188727;3626;0.0
1234188887;3627;0.0
1234189903;3628;0.0
1234190066;3629;0.0
1234190161;3630;0.0
1234191613;3631;0.0
1234192369;3632;0.0
1234192747;3633;0.0
1234192768;3634;0.0
1234193986;3635;0.0
1234194840;3636;0.0
1234195065;3637;0.0
1234195171;3638;0.0
1234195969;3639;0.0
1234196370;3640;0.0
1234197024;3641;0.0
1234198445;3642;0.0
1234199506;3643;0.0
1234199771;3644;0.0
1234200634;3645;0.0
1234201024;3646;0.0
1234201541;3647;0.0
1234201959;3648;0.0
1234202599;3649;0.0
1234202984;3650;0.0
1234203989;3651;0.0
1234204426;3652;0.0
1234204529;3653;0.0
1234205715;3654;0.0
1234205994;3655;0.0
1234206136;3656;0.0
1234206417;3657;0.0
1234206631;3658;0.0
1234207599;3659;0.0
1234207671;3660;0.0
1234208336;3661;0.0
1234208880;3662;0.0
1234209949;3663;0.0
1234210499;3664;0.0
1234210831;3665;0.0
1234211328;3666;0.0
1234212277;3667;0.0
1234213216;3668;0.0
1234213495;3669;0.0
1234213815;3670;0.0
1234214646;3671;0.0
1234215256;3672;0.0
1234215924;3673;0.0
1234217016;3674;0.0
1234218159;3675;0.0
1234219423;3676;0.0
1234219902;3677;0.0
1234220756;3678;0.0
1234220920;3679;0.0
1234221701;3680;0.0
1234222318;3681;0.0
1234222985;3682;0.0
1234223383;3683;0.0
1234223646;3684;0.0
1234223938;3685;0.0
1234224307;3686;0.0
1234224492;3687;0.0
1234224760;3688;0.0
1234225373;3689;0.0
1234226277;3690;0.0
1234227476;3691;0.0
1234228238;3692;0.0
